Date,TLT Adj Close,VTI Adj Close,VTV Adj Close,VBR Adj Close,AGG Adj Close
2020-01-30,137.73214721679688,159.5978240966797,110.71957397460938,128.13291931152344,107.93476104736328
2020-01-31,138.9896240234375,156.77899169921875,108.74658966064453,125.71260833740234,108.25582122802734
2020-02-03,138.8769989013672,158.15963745117188,109.13746643066406,126.78514862060547,108.2208023071289
2020-02-04,137.0067138671875,160.6524200439453,110.43108367919922,128.13291931152344,107.86123657226562
2020-02-05,135.50856018066406,162.2344512939453,112.32030487060547,130.3253936767578,107.70037078857422
2020-02-06,136.11932373046875,162.68507385253906,112.38545227050781,129.80337524414062,107.7666015625
2020-02-07,137.81785583496094,161.7550506591797,111.72467803955078,128.42713928222656,108.0788803100586
2020-02-10,138.19949340820312,162.9439239501953,112.0969467163086,128.8826904296875,108.20188903808594
2020-02-11,137.5029296875,163.39451599121094,112.5529556274414,129.92677307128906,108.06939697265625
2020-02-12,136.80633544921875,164.42044067382812,112.99967956542969,130.71456909179688,107.95585632324219
2020-02-13,137.3311309814453,164.35333251953125,112.70185852050781,130.79051208496094,108.03156280517578
2020-02-14,137.93231201171875,164.6217803955078,112.53434753417969,130.543701171875,108.14512634277344
2020-02-18,138.8769989013672,164.23828125,111.95733642578125,130.0027313232422,108.28706359863281
2020-02-19,138.86744689941406,165.07240295410156,112.30168914794922,130.24002075195312,108.25865936279297
2020-02-20,139.95526123046875,164.57386779785156,112.19001007080078,130.78097534179688,108.50467681884766
2020-02-21,141.2624969482422,162.8863983154297,111.7060775756836,129.52816772460938,108.72229766845703
2020-02-24,143.37132263183594,157.5268096923828,108.29058837890625,125.86448669433594,109.07241821289062
2020-02-25,144.134765625,152.71377563476562,104.88438415527344,121.3940658569336,109.26167297363281
2020-02-26,143.37132263183594,151.87005615234375,103.98167419433594,119.3913803100586,109.14811706542969
2020-02-27,144.9268035888672,145.2161865234375,99.58899688720703,114.68370819091797,109.16704559326172
2020-02-28,148.19967651367188,144.23822021484375,98.18370819091797,112.91831970214844,109.97134399414062
2020-03-02,147.109375,150.21141052246094,102.38094329833984,116.54399108886719,109.93246459960938
2020-03-03,149.39337158203125,146.3379364013672,99.53314971923828,113.8010025024414,110.68154907226562
2020-03-04,147.8069610595703,152.1864471435547,103.92582702636719,117.42668914794922,110.59620666503906
2020-03-05,151.48611450195312,147.1145477294922,100.4917221069336,112.62408447265625,110.93753051757812
2020-03-06,159.3700408935547,144.3820343017578,98.8072280883789,110.47904205322266,111.75299835205078
2020-03-09,163.68948364257812,132.79043579101562,90.9339370727539,99.8487548828125,111.61075592041016
2020-03-10,155.29905700683594,139.37721252441406,94.89850616455078,103.60261535644531,110.34963989257812
2020-03-11,149.58444213867188,132.3206329345703,90.09634399414062,96.69513702392578,108.77568054199219
2020-03-12,150.51138305664062,119.45384979248047,81.05039978027344,85.74797821044922,104.42351531982422
2020-03-13,147.109375,130.32638549804688,88.4583969116211,92.9412841796875,106.06388092041016
2020-03-16,156.636962890625,115.49411010742188,78.65863800048828,80.5363998413086,107.83700561523438
2020-03-17,146.1919403076172,121.28512573242188,83.94473266601562,83.17552947998047,105.04932403564453
2020-03-18,137.94483947753906,114.29564666748047,79.08674621582031,74.5340576171875,101.04798126220703
2020-03-19,141.70046997070312,115.13936614990234,78.20262145996094,78.18309783935547,103.30464935302734
2020-03-20,152.35572814941406,110.44136810302734,74.4986343383789,74.60074615478516,104.32870483398438
2020-03-23,158.6342315673828,107.29659271240234,71.4367904663086,72.21886444091797,106.80347442626953
2020-03-24,155.6813201904297,117.47876739501953,78.42597198486328,79.34545135498047,107.6852798461914
2020-03-25,155.32777404785156,119.09911346435547,79.86849212646484,82.25135803222656,108.78515625
2020-03-26,156.0922088623047,126.32952117919922,84.97746276855469,87.14852905273438,109.11703491210938
2020-03-27,160.2587890625,122.30191802978516,82.73330688476562,84.25215148925781,109.5816421508789
2020-03-30,158.94000244140625,126.01152801513672,85.26853942871094,85.72891998291016,109.68592834472656
2020-03-31,157.64996337890625,124.209716796875,83.62533569335938,84.60467529296875,109.39200592041016
2020-04-01,159.85867309570312,118.47666931152344,80.029052734375,79.25970458984375,109.02046966552734
2020-04-02,160.8730926513672,120.94332885742188,82.10418701171875,79.95523071289062,109.18199157714844
2020-04-03,161.25595092773438,118.88134002685547,80.85535430908203,77.32563018798828,109.2580337524414
2020-04-06,160.83480834960938,127.19668579101562,85.68168640136719,83.67097473144531,109.79016876220703
2020-04-07,159.15048217773438,127.34123992919922,86.0009536743164,84.85238647460938,109.94218444824219
2020-04-08,157.99252319335938,131.81204223632812,89.48456573486328,89.13025665283203,110.04671478271484
2020-04-09,158.27964782714844,134.2786865234375,91.42825317382812,93.16993713378906,111.4150619506836
2020-04-13,156.83453369140625,132.67921447753906,89.70052337646484,90.16876220703125,110.89244079589844
2020-04-14,156.7962646484375,136.7068328857422,91.77565002441406,91.40734100341797,110.94945526123047
2020-04-15,160.9496612548828,133.49822998046875,89.22164154052734,87.17711639404297,111.40556335449219
2020-04-16,162.77755737304688,134.12452697753906,89.08079528808594,86.34821319580078,111.548095703125
2020-04-17,160.5956268310547,137.9208526611328,92.19821166992188,90.445068359375,111.4150619506836
2020-04-20,161.88755798339844,135.68544006347656,90.40473937988281,88.20608520507812,111.2535171508789
2020-04-21,163.92596435546875,131.47479248046875,87.89768981933594,86.20531463623047,111.3105239868164
2020-04-22,162.25119018554688,134.4425048828125,89.23103332519531,86.72931671142578,111.3105239868164
2020-04-23,163.11251831054688,134.4617462158203,89.3906478881836,87.67253875732422,111.57656860351562
2020-04-24,163.49533081054688,136.46592712402344,90.48926544189453,88.99687957763672,111.51957702636719
2020-04-27,160.4520721435547,138.88438415527344,92.35783386230469,92.779296875,111.00645446777344
2020-04-28,162.29904174804688,138.45082092285156,92.78036499023438,94.67528533935547,111.44354248046875
2020-04-29,161.45687866210938,142.37240600585938,94.57381439208984,99.05797576904297,111.51957702636719
2020-04-30,159.5715789794922,140.52239990234375,92.54562377929688,95.69475555419922,111.27250671386719
2020-05-01,160.9380645751953,136.6393585205078,90.03854370117188,91.91231536865234,111.27824401855469
2020-05-04,160.18104553222656,137.15968322753906,89.73806762695312,91.79798126220703,111.3734359741211
2020-05-05,159.1557159423828,138.43154907226562,90.2451171875,92.03616333007812,111.28775024414062
2020-05-06,156.5876007080078,137.6703643798828,88.91178894042969,90.34024810791016,110.84027099609375
2020-05-07,159.20362854003906,139.47216796875,89.57844543457031,91.9504165649414,111.18301391601562
2020-05-08,157.13377380371094,142.09298706054688,91.63481140136719,95.69475555419922,110.88783264160156
2020-05-11,155.90725708007812,142.1122589111328,91.05265045166016,94.0560073852539,110.55460357666016
2020-05-12,157.50755310058594,139.0867462158203,89.15591430664062,90.2640380859375,110.84027099609375
2020-05-13,158.60952758789062,136.29248046875,87.24040222167969,86.66262817382812,111.0211410522461
2020-05-14,160.161865234375,137.75706481933594,88.56436157226562,87.83451843261719,111.3639144897461
2020-05-15,159.74986267089844,138.58570861816406,88.54558563232422,88.37757873535156,111.43058013916016
2020-05-18,156.2426300048828,143.18179321289062,91.99162292480469,94.58954620361328,111.26870727539062
2020-05-19,156.82716369628906,141.65940856933594,90.43291473388672,92.89363861083984,111.39248657226562
2020-05-20,157.29672241210938,144.28024291992188,91.88834381103516,95.4375,111.67811584472656
2020-05-21,157.68955993652344,143.41302490234375,91.2404556274414,95.8757553100586,111.76383209228516
2020-05-22,158.63824462890625,143.81771850585938,91.2404556274414,96.10443878173828,111.82096862792969
2020-05-26,156.5109405517578,145.82188415527344,93.51276397705078,100.18222045898438,111.64005279541016
2020-05-27,156.22344970703125,148.12472534179688,95.68180084228516,103.6407241821289,111.80189514160156
2020-05-28,155.64849853515625,147.61407470703125,95.2217025756836,101.43986511230469,111.72573852539062
2020-05-29,156.7600555419922,148.10546875,95.21231842041016,100.28701782226562,112.02091979980469
2020-06-01,155.70468139648438,149.10755920410156,95.44705963134766,101.65899658203125,111.95794677734375
2020-06-02,155.13856506347656,150.23486328125,96.39543151855469,102.72607421875,112.05333709716797
2020-06-03,153.07568359375,152.5762939453125,98.3203353881836,106.52755737304688,111.77671813964844
2020-06-04,150.85926818847656,152.0945281982422,98.76165771484375,107.57559967041016,111.44285583496094
2020-06-05,149.78466796875,155.99684143066406,101.6443099975586,111.70103454589844,111.50962829589844
2020-06-08,150.36041259765625,158.11663818359375,103.4377670288086,114.7688980102539,111.6336441040039
2020-06-09,152.0682373046875,156.67132568359375,101.55042266845703,111.80583953857422,111.77671813964844
2020-06-10,154.322998046875,155.50543212890625,99.6536865234375,107.68040466308594,112.23456573486328
2020-06-11,157.23985290527344,146.33255004882812,93.18413543701172,99.27709197998047,112.04381561279297
2020-06-12,155.723876953125,148.3560028076172,94.52686309814453,101.83048248291016,112.15826416015625
2020-06-15,155.8102264404297,149.94580078125,95.27804565429688,103.27867126464844,112.53031921386719
2020-06-16,153.42105102539062,152.8268280029297,97.12783813476562,105.72724914550781,112.31090545654297
2020-06-17,154.05438232421875,152.08489990234375,96.076171875,103.82174682617188,112.21550750732422
2020-06-18,155.68545532226562,152.21014404296875,96.02923583984375,103.5263900756836,112.32996368408203
2020-06-19,155.8102264404297,151.3525848388672,95.34378051757812,102.45931243896484,112.36812591552734
2020-06-22,155.8293914794922,152.40284729003906,95.2686538696289,102.62126922607422,112.3395004272461
2020-06-23,154.76438903808594,153.000244140625,95.39071655273438,102.87850952148438,112.32042694091797
2020-06-24,156.4242706298828,148.84739685058594,92.73341369628906,99.0389175415039,112.30133819580078
2020-06-25,156.87525939941406,150.6477508544922,93.72145080566406,100.42987060546875,112.43489837646484
2020-06-26,158.55438232421875,147.1438446044922,91.73401641845703,97.89303588867188,112.56844329833984
2020-06-29,158.05535888671875,149.30233764648438,93.19146728515625,101.08082580566406,112.66382598876953
2020-06-30,157.2877960205078,151.50917053222656,94.25142669677734,102.35401916503906,112.75921630859375
2020-07-01,156.98231506347656,152.38999938964844,94.21358489990234,101.07125854492188,112.8194351196289
2020-07-02,157.14559936523438,152.99978637695312,94.64891815185547,101.4828872680664,112.95323944091797
2020-07-06,156.5019989013672,155.40989685058594,95.57637786865234,102.3731689453125,112.9437026977539
2020-07-07,158.70184326171875,153.8321990966797,94.42178344726562,100.12352752685547,113.11570739746094
2020-07-08,158.06781005859375,155.09048461914062,94.71516418457031,100.51602172851562,113.07746887207031
2020-07-09,160.58462524414062,154.13226318359375,93.09683227539062,98.08448791503906,113.37373352050781
2020-07-10,159.77767944335938,155.7873992919922,94.81926727294922,100.38200378417969,113.23992919921875
2020-07-13,160.3060302734375,154.10325622558594,95.12211608886719,99.89378356933594,113.23038482666016
2020-07-14,160.53662109375,156.1261749267578,96.5606460571289,101.29142761230469,113.41194915771484
2020-07-15,159.78729248046875,158.0620574951172,97.781494140625,104.96745300292969,113.42152404785156
2020-07-16,160.54620361328125,157.35546875,97.98023223876953,104.6419677734375,113.49797058105469
2020-07-17,160.20999145507812,157.95556640625,98.15057373046875,104.45050811767578,113.61264038085938
2020-07-20,160.6038055419922,159.16546630859375,97.3745346069336,103.25389099121094,113.7369155883789
2020-07-21,160.6999053955078,159.6204071044922,98.52914428710938,105.35037231445312,113.80378723144531
2020-07-22,161.18014526367188,160.4528045654297,99.01179504394531,106.11620330810547,113.89936065673828
2020-07-23,163.06298828125,158.70086669921875,98.945556640625,106.3172378540039,114.03314971923828
2020-07-24,163.05335998535156,157.4716033935547,98.02755737304688,105.24506378173828,113.99491882324219
2020-07-27,162.44822692871094,158.82667541503906,98.01808166503906,105.68541717529297,113.91849517822266
2020-07-28,163.57211303710938,157.66519165039062,97.9991683959961,105.07276153564453,113.99491882324219
2020-07-29,163.29351806640625,159.7559051513672,99.00233459472656,107.58085632324219,114.12872314453125
2020-07-30,164.369384765625,159.3977508544922,98.07486724853516,106.43211364746094,114.2147216796875
2020-07-31,164.26373291015625,160.21083068847656,97.77201080322266,105.72370910644531,114.26251983642578
2020-08-03,163.43670654296875,161.60462951660156,98.07486724853516,106.89161682128906,114.30752563476562
2020-08-04,164.9945831298828,162.24343872070312,98.53860473632812,107.33197021484375,114.52772521972656
2020-08-05,163.55206298828125,163.42431640625,99.26731872558594,109.21783447265625,114.30752563476562
2020-08-06,164.46568298339844,164.21804809570312,99.22000885009766,109.03595733642578,114.47026824951172
2020-08-07,163.3693389892578,164.3535614013672,100.3746109008789,111.03671264648438,114.33624267578125
2020-08-10,162.63848876953125,164.80845642089844,101.3683090209961,112.54923248291016,114.23091888427734
2020-08-11,160.70550537109375,163.482421875,101.29261779785156,112.72154235839844,113.9150161743164
2020-08-12,159.2437744140625,165.669921875,102.0402603149414,112.85556030273438,113.68524932861328
2020-08-13,157.54161071777344,165.54409790039062,101.23583221435547,112.0705795288086,113.26399993896484
2020-08-14,156.92613220214844,165.49569702148438,101.50081634521484,112.26203918457031,113.15870666503906
2020-08-17,157.32040405273438,166.2022705078125,101.1506576538086,112.11844635009766,113.31188201904297
2020-08-18,158.44558715820312,166.45391845703125,100.8572769165039,110.82609558105469,113.4746322631836
2020-08-19,157.45504760742188,165.80543518066406,100.54495239257812,110.57721710205078,113.30230712890625
2020-08-20,158.8783721923828,166.27967834472656,99.96765899658203,109.76349639892578,113.50332641601562
2020-08-21,159.83042907714844,166.69593811035156,100.05282592773438,109.24656677246094,113.61823272705078
2020-08-24,159.57073974609375,168.29298400878906,101.51028442382812,111.41962432861328,113.57036590576172
2020-08-25,158.34942626953125,168.85438537597656,101.3777847290039,111.21858215332031,113.33101654052734
2020-08-26,157.7436065673828,170.38369750976562,101.10333251953125,110.41445922851562,113.31188201904297
2020-08-27,155.06044006347656,170.79022216796875,101.94563293457031,111.41004943847656,112.91935729980469
2020-08-28,154.945068359375,171.9807586669922,102.72166442871094,112.17588806152344,113.07256317138672
2020-08-31,155.97409057617188,171.59361267089844,101.8604507446289,110.61549377441406,113.32145690917969
2020-09-01,157.75804138183594,173.11325073242188,101.84151458740234,111.71636962890625,113.556396484375
2020-09-02,159.25997924804688,175.4265899658203,103.62073516845703,112.8651351928711,113.78651428222656
2020-09-03,159.71249389648438,169.32867431640625,101.76580810546875,110.50061798095703,113.81529235839844
2020-09-04,156.67984008789062,167.886474609375,101.75634002685547,110.5867691040039,113.24951934814453
2020-09-08,157.64254760742188,163.1726531982422,99.94872283935547,108.04994201660156,113.37420654296875
2020-09-09,157.2189483642578,166.36683654785156,101.11278533935547,109.23698425292969,113.3646011352539
2020-09-10,158.01803588867188,163.6372528076172,99.64588165283203,107.76274108886719,113.37420654296875
2020-09-11,158.35494995117188,163.69534301757812,100.31781768798828,107.57129669189453,113.50843048095703
2020-09-14,158.34536743164062,166.25067138671875,101.54814910888672,109.75392150878906,113.51801300048828
2020-09-15,157.96026611328125,167.19924926757812,101.3588638305664,109.62946319580078,113.52761840820312
2020-09-16,157.48849487304688,166.64752197265625,101.99293518066406,110.52933502197266,113.47008514404297
2020-09-17,157.96990966796875,165.27305603027344,101.54814910888672,110.10811614990234,113.49884796142578
2020-09-18,157.47891235351562,163.66632080078125,100.78156280517578,108.92108154296875,113.3646011352539
2020-09-21,158.27798461914062,161.69174194335938,98.58592224121094,105.21634674072266,113.38377380371094
2020-09-22,158.15286254882812,163.2985076904297,98.67110443115234,105.51309967041016,113.47008514404297
2020-09-23,158.36463928222656,159.35903930664062,96.84455871582031,103.06243133544922,113.2303466796875
2020-09-24,158.97116088867188,159.69781494140625,96.98652648925781,103.14859008789062,113.23993682861328
2020-09-25,158.97116088867188,162.2675323486328,98.05965423583984,104.42914581298828,113.27831268310547
2020-09-28,158.5186767578125,165.21237182617188,99.54641723632812,107.07695007324219,113.37420654296875
2020-09-29,158.7016143798828,164.28904724121094,98.7077407836914,105.94081115722656,113.39336395263672
2020-09-30,157.18043518066406,165.5233612060547,99.60359954833984,106.51850891113281,113.2111587524414
2020-10-01,157.439697265625,166.90345764160156,99.6703109741211,107.73168182373047,113.3667984008789
2020-10-02,156.8517608642578,165.60110473632812,99.765625,109.33963012695312,113.25152587890625
2020-10-05,153.7870330810547,168.5848388671875,101.33815002441406,111.87187194824219,112.8864974975586
2020-10-06,154.6158447265625,166.50498962402344,100.38510131835938,111.39045715332031,112.9825439453125
2020-10-07,153.4882354736328,169.4109344482422,101.96717071533203,113.30650329589844,112.90570068359375
2020-10-08,154.3170928955078,170.89793395996094,103.2347412109375,115.17440795898438,113.04978942871094
2020-10-09,154.28819274902344,172.33633422851562,103.41582489013672,115.1358871459961,113.07860565185547
2020-10-12,154.77969360351562,174.8924560546875,104.16873168945312,115.84838104248047,113.2995376586914
2020-10-13,155.88803100585938,173.96913146972656,103.18708801269531,114.4618911743164,113.32836151123047
2020-10-14,156.24461364746094,172.8125762939453,102.7296142578125,114.03826141357422,113.3956069946289
2020-10-15,155.97474670410156,172.8708953857422,102.9869384765625,115.31881713867188,113.2995376586914
2020-10-16,155.5410614013672,172.55987548828125,103.27285766601562,115.0010986328125,113.24189758300781
2020-10-19,154.9531707763672,170.0912628173828,101.87187957763672,113.64350891113281,113.10742950439453
2020-10-20,153.47862243652344,170.6841278076172,102.11012268066406,114.42338562011719,113.01138305664062
2020-10-21,152.94854736328125,170.10096740722656,101.78609466552734,113.7494125366211,112.87689971923828
2020-10-22,151.3583526611328,171.30612182617188,103.10131072998047,115.88689422607422,112.6751708984375
2020-10-23,152.28355407714844,171.8698272705078,103.20613861083984,116.65717315673828,112.83848571777344
2020-10-26,153.70033264160156,168.7500457763672,101.2142562866211,113.86495208740234,112.99217224121094
2020-10-27,154.7314910888672,168.0697021484375,99.86092376708984,112.18960571289062,113.25152587890625
2020-10-28,154.8760528564453,162.5007781982422,96.97317504882812,108.84857940673828,113.08822631835938
2020-10-29,153.3726348876953,164.03634643554688,97.57360076904297,110.3602294921875,112.8864974975586
2020-10-30,151.8594970703125,162.2966766357422,97.79280090332031,109.85955810546875,112.5791015625
2020-11-02,152.99700927734375,163.9877471923828,99.57501220703125,112.49771881103516,112.78309631347656
2020-11-03,152.10940551757812,167.13670349121094,101.2905044555664,115.07811737060547,112.7349853515625
2020-11-04,155.40899658203125,170.78131103515625,101.6050033569336,113.8264389038086,113.4854736328125
2020-11-05,155.67910766601562,174.3092803955078,103.27285766601562,116.58977508544922,113.59130859375
2020-11-06,153.7978057861328,174.2218017578125,102.9774169921875,115.4632568359375,113.34113311767578
2020-11-09,150.5657196044922,176.29196166992188,107.11365509033203,122.06829833984375,112.81197357177734
2020-11-10,149.69740295410156,176.00038146972656,108.69572448730469,124.31170654296875,112.62914276123047
2020-11-11,150.2377166748047,177.42906188964844,108.266845703125,123.40664672851562,112.69648742675781
2020-11-12,152.79437255859375,175.67965698242188,106.88493347167969,120.98994445800781,113.16793823242188
2020-11-13,152.59181213378906,178.16770935058594,108.8958740234375,124.32134246826172,113.18721008300781
2020-11-16,152.22515869140625,180.34474182128906,110.73526000976562,128.05714416503906,113.17757415771484
2020-11-17,153.21888732910156,179.93653869628906,110.22061157226562,128.2497100830078,113.40850067138672
2020-11-18,153.6627197265625,178.03164672851562,108.8958740234375,126.69953918457031,113.4854736328125
2020-11-19,154.45382690429688,179.02296447753906,109.0483627319336,127.46981811523438,113.69713592529297
2020-11-20,155.82382202148438,178.08021545410156,108.5337142944336,127.2772445678711,113.81259155273438
2020-11-23,155.10989379882812,179.53807067871094,109.86798095703125,130.1946563720703,113.78374481201172
2020-11-24,153.56622314453125,182.3177032470703,112.17436218261719,133.5067901611328,113.6297836303711
2020-11-25,153.09347534179688,182.24966430664062,111.47864532470703,132.35140991210938,113.59130859375
2020-11-27,154.57925415039062,182.89109802246094,111.46910858154297,132.01438903808594,113.78374481201172
2020-11-30,154.3863067626953,181.45269775390625,110.26826477050781,129.00071716308594,113.93768310546875
2020-12-01,152.11000061035156,183.756103515625,111.25943756103516,130.9263916015625,113.57720184326172
2020-12-02,150.9027557373047,183.91160583496094,111.96471405029297,131.32113647460938,113.45189666748047
2020-12-03,152.11964416503906,184.2809295654297,112.18391418457031,132.31288146972656,113.6446762084961
2020-12-04,149.88868713378906,186.12753295898438,113.5562973022461,135.20140075683594,113.33624267578125
2020-12-07,151.2407684326172,185.92343139648438,112.84150695800781,134.37335205078125,113.50971221923828
2020-12-08,151.95542907714844,186.7301025390625,113.35616302490234,135.13400268554688,113.5193862915039
2020-12-09,151.4532470703125,184.89321899414062,113.35616302490234,135.20140075683594,113.35551452636719
2020-12-10,152.79568481445312,185.1653594970703,112.98448181152344,135.9138946533203,113.63504028320312
2020-12-11,153.3365478515625,184.83489990234375,112.70809173583984,135.11474609375,113.76032257080078
2020-12-14,152.9115753173828,184.31007385253906,111.47864532470703,133.9593505859375,113.69284057617188
2020-12-15,152.3997039794922,186.83702087402344,113.0416488647461,137.1655731201172,113.76032257080078
2020-12-16,151.9940643310547,187.09942626953125,112.86058044433594,136.4530792236328,113.7121353149414
2020-12-17,151.59188842773438,188.56698608398438,113.35616302490234,137.32923889160156,113.7072982788086
2020-12-18,151.13751220703125,188.03244018554688,112.74620819091797,136.34716796875,113.6494140625
2020-12-21,151.73692321777344,187.48817443847656,112.20296478271484,135.5768585205078,113.6494140625
2020-12-22,152.52003479003906,187.5270538330078,111.37379455566406,135.49984741210938,113.81343841552734
2020-12-23,151.4662322998047,187.8477783203125,112.31732940673828,137.48330688476562,113.73625946044922
2020-12-24,152.06558227539062,188.16201782226562,112.5466537475586,137.58599853515625,113.8423843383789
2020-12-28,152.13328552246094,189.35250854492188,112.91124725341797,137.5569305419922,113.86167907714844
2020-12-29,151.93991088867188,188.56207275390625,112.7865219116211,136.1328125,113.88099670410156
2020-12-30,152.26861572265625,189.06954956054688,113.15111541748047,137.5569305419922,113.94853973388672
2020-12-31,152.49099731445312,189.93804931640625,114.13937377929688,137.7700653076172,114.0353775024414
2021-01-04,152.3073272705078,187.23495483398438,112.68097686767578,135.52249145507812,113.89063262939453
2021-01-05,151.17620849609375,188.7475128173828,113.52532196044922,137.83787536621094,113.77484130859375
2021-01-06,148.0727996826172,190.4454803466797,116.25983428955078,143.71836853027344,113.21524047851562
2021-01-07,146.76763916015625,193.49984741210938,117.12335205078125,144.9874725341797,113.0994644165039
2021-01-08,146.29391479492188,194.43667602539062,117.20970916748047,144.24148559570312,112.9643783569336
2021-01-11,146.05223083496094,193.27540588378906,117.41120147705078,144.6387176513672,112.78103637695312
2021-01-12,145.93617248535156,193.95849609375,117.9005355834961,146.9734649658203,112.87753295898438
2021-01-13,147.57972717285156,194.1731719970703,117.98688507080078,145.74310302734375,113.23454284667969
2021-01-14,146.19720458984375,193.98779296875,118.5241928100586,147.76785278320312,113.01261138916016
2021-01-15,146.77731323242188,192.299560546875,117.37283325195312,146.05311584472656,113.12841033935547
2021-01-19,147.25099182128906,194.0561065673828,117.87174224853516,146.9153289794922,113.28279113769531
2021-01-20,147.3960418701172,196.50546264648438,118.169189453125,147.72909545898438,113.29242706298828
2021-01-21,146.36158752441406,196.3590850830078,117.593505859375,146.1984405517578,113.12841033935547
2021-01-22,146.83534240722656,196.03704833984375,116.88348388671875,146.9153289794922,113.12841033935547
2021-01-25,148.56588745117188,196.59327697753906,116.88348388671875,146.56655883789062,113.4178695678711
2021-01-26,148.28550720214844,195.88092041015625,116.5284652709961,145.4815216064453,113.37926483154297
2021-01-27,148.66250610351562,191.1773681640625,113.68843078613281,142.54615783691406,113.38890838623047
2021-01-28,147.8407745361328,192.68014526367188,115.15642547607422,143.2630615234375,113.3117446899414
2021-01-29,146.95130920410156,189.30374145507812,113.23746490478516,140.5795135498047,113.186279296875
2021-02-01,147.12168884277344,192.53379821777344,114.05303955078125,143.08865356445312,113.29451751708984
2021-02-02,146.17311096191406,195.29542541503906,115.51142883300781,144.61932373046875,113.12056732177734
2021-02-03,144.8761444091797,195.58816528320312,115.9527816772461,145.51060485839844,112.98527526855469
2021-02-04,144.48898315429688,198.0668182373047,117.19052124023438,147.70004272460938,112.93695068359375
2021-02-05,143.2791290283203,199.17926025390625,117.8045883178711,148.99819946289062,112.7919692993164
2021-02-08,143.90818786621094,200.96505737304688,118.89837646484375,151.9432830810547,112.90795135498047
2021-02-09,144.01466369628906,201.0431365966797,118.85041809082031,152.17578125,112.95628356933594
2021-02-10,144.97291564941406,200.95529174804688,118.99432373046875,152.2920684814453,113.06258392333984
2021-02-11,144.1792449951172,201.43344116210938,118.85041809082031,152.4567413330078,112.92727661132812
2021-02-12,142.3886260986328,202.4776153564453,119.42608642578125,153.0380096435547,112.6663589477539
2021-02-16,140.22052001953125,202.1165313720703,119.6083984375,153.3092498779297,112.13479614257812
2021-02-17,141.11099243164062,201.69692993164062,120.05935668945312,152.49551391601562,112.35709381103516
2021-02-18,140.53993225097656,200.5356903076172,119.42608642578125,150.5773162841797,112.29910278320312
2021-02-19,138.6718292236328,200.9943389892578,119.78108978271484,153.6095733642578,111.95118713378906
2021-02-22,137.61679077148438,199.0816650390625,120.63504028320312,154.6558837890625,111.603271484375
2021-02-23,137.22000122070312,199.0524139404297,121.00923919677734,154.9368133544922,111.63227844238281
2021-02-24,136.31983947753906,201.287109375,122.63075256347656,158.1435089111328,111.59362030029297
2021-02-25,134.09364318847656,196.02731323242188,120.51990509033203,153.63865661621094,110.56919860839844
2021-02-26,138.52662658691406,195.2466278076172,118.89837646484375,152.94113159179688,111.46797943115234
2021-03-01,136.69708251953125,200.26246643066406,121.48897552490234,157.27159118652344,111.40989685058594
2021-03-02,136.706787109375,198.37905883789062,121.21073150634766,155.64404296875,111.42926025390625
2021-03-03,135.2240753173828,195.51986694335938,121.21073150634766,155.93466186523438,111.0226821899414
2021-03-04,134.35191345214844,192.42642211914062,120.05935668945312,153.09616088867188,110.70323181152344
2021-03-05,134.61358642578125,195.90045166015625,122.72671508789062,157.33941650390625,110.62579345703125
2021-03-08,133.56692504882812,194.94410705566406,124.16593170166016,159.70323181152344,110.19019317626953
2021-03-09,135.41790771484375,197.96920776367188,123.7149658203125,159.63539123535156,110.60643005371094
2021-03-10,135.68923950195312,199.3842010498047,125.3748550415039,162.32861328125,110.79035949707031
2021-03-11,134.71046447753906,201.98971557617188,125.30768585205078,164.1595916748047,110.78068542480469
2021-03-12,131.8517303466797,202.38980102539062,126.44947052001953,166.1068572998047,110.1514663696289
2021-03-15,132.626953125,203.80477905273438,126.7469253540039,167.32749938964844,110.26763153076172
2021-03-16,132.0939483642578,202.98504638671875,125.94095611572266,164.87652587890625,110.22889709472656
2021-03-17,131.1055450439453,203.7559814453125,126.47825622558594,165.9712371826172,110.2192153930664
2021-03-18,129.77792358398438,200.0477752685547,125.98892211914062,163.29737854003906,109.79328918457031
2021-03-19,130.58224487304688,200.30148315429688,125.4420394897461,163.4039764404297,109.88041687011719
2021-03-22,132.0455322265625,201.38465881347656,125.57636260986328,161.65045166015625,110.0933837890625
2021-03-23,133.23748779296875,199.09146118164062,124.0507583618164,156.47718811035156,110.37409973144531
2021-03-24,133.95457458496094,197.44229125976562,124.14672088623047,155.00465393066406,110.50963592529297
2021-03-25,132.8983154296875,198.90306091308594,125.61893463134766,158.78433227539062,110.45154571533203
2021-03-26,132.4331817626953,202.1536865234375,127.64488983154297,161.9065399169922,110.26763153076172
2021-03-29,131.3090362548828,201.20394897460938,127.45193481445312,158.95941162109375,110.08370208740234
2021-03-30,131.99713134765625,201.14520263671875,127.4036865234375,161.24513244628906,110.17082977294922
2021-03-31,131.26055908203125,202.3690643310547,126.82487487792969,161.0797882080078,110.19019317626953
2021-04-01,133.43914794921875,204.90492248535156,127.4615707397461,163.04452514648438,110.56053161621094
2021-04-05,132.8568878173828,207.29391479492188,128.49383544921875,163.7059326171875,110.3375473022461
2021-04-06,133.7593536376953,207.3722686767578,128.36842346191406,163.62808227539062,110.725341796875
2021-04-07,132.82778930664062,207.19602966308594,128.32986450195312,162.61656188964844,110.55083465576172
2021-04-08,133.92431640625,208.40029907226562,128.1658477783203,162.88888549804688,110.82229614257812
2021-04-09,133.43914794921875,209.66329956054688,128.90869140625,163.4822235107422,110.69625854492188
2021-04-12,133.38087463378906,209.72206115722656,128.99551391601562,163.98800659179688,110.66717529296875
2021-04-13,134.3804168701172,210.30953979492188,128.58067321777344,162.7819061279297,110.98709869384766
2021-04-14,133.9534454345703,209.83956909179688,129.0823516845703,164.33816528320312,110.89985656738281
2021-04-15,136.19505310058594,212.07188415527344,129.82518005371094,164.94117736816406,111.33612060546875
2021-04-16,135.13734436035156,212.61038208007812,130.57769775390625,165.93328857421875,111.04527282714844
2021-04-19,134.74917602539062,211.22007751464844,130.2593231201172,165.00924682617188,110.95802307128906
2021-04-20,135.37022399902344,209.281494140625,129.26565551757812,161.9065399169922,111.13253021240234
2021-04-21,135.6419219970703,211.77816772460938,130.6162872314453,165.03842163085938,111.23918914794922
2021-04-22,136.23388671875,210.1234893798828,129.53578186035156,164.094970703125,111.26826477050781
2021-04-23,135.9136505126953,212.6691436767578,130.52944946289062,166.94482421875,111.24886322021484
2021-04-26,135.71954345703125,213.442626953125,130.35580444335938,167.82992553710938,111.15192413330078
2021-04-27,134.53567504882812,213.3447265625,130.6066436767578,168.62750244140625,110.88046264648438
2021-04-28,134.62298583984375,213.3153533935547,130.8478240966797,169.0068359375,110.93863677978516
2021-04-29,134.22515869140625,214.12799072265625,131.99586486816406,169.67794799804688,110.88046264648438
2021-04-30,134.53567504882812,212.56146240234375,131.1854705810547,167.5381622314453,110.9968032836914
2021-05-03,134.61636352539062,212.93348693847656,132.46856689453125,169.2013702392578,111.06768798828125
2021-05-04,135.5298309326172,211.3376007080078,132.84483337402344,169.16246032714844,111.20359802246094
2021-05-05,135.7533721923828,211.29843139648438,133.5201416015625,169.50289916992188,111.29098510742188
2021-05-06,135.97689819335938,212.37542724609375,134.67784118652344,170.6505889892578,111.31043243408203
2021-05-07,135.30633544921875,214.1769561767578,135.6522216796875,172.53753662109375,111.28128814697266
2021-05-10,133.9360809326172,211.66065979003906,135.84515380859375,170.6797637939453,111.10652160644531
2021-05-11,133.17807006835938,209.95704650878906,134.01217651367188,168.89984130859375,110.86378479003906
2021-05-12,131.7786407470703,205.22802734375,131.85113525390625,163.8907470703125,110.47539520263672
2021-05-13,131.9827117919922,207.48973083496094,133.7323760986328,167.30470275878906,110.72785186767578
2021-05-14,133.21693420410156,211.03404235839844,135.21810913085938,170.53390502929688,110.98030090332031
2021-05-17,132.93507385253906,210.58367919921875,135.3338623046875,171.10775756835938,110.88318634033203
2021-05-18,132.59495544433594,208.9387969970703,134.04112243652344,169.10411071777344,110.74726104736328
2021-05-19,132.2742462158203,208.33177185058594,133.2596893310547,167.32415771484375,110.5919189453125
2021-05-20,133.36270141601562,210.59347534179688,133.91571044921875,167.40196228027344,110.97058868408203
2021-05-21,133.79026794433594,210.4759979248047,134.39805603027344,168.06336975097656,111.01911926269531
2021-05-24,134.28591918945312,212.6006317138672,134.94796752929688,168.83177185058594,111.12592315673828
2021-05-25,135.5298309326172,212.0131378173828,134.108642578125,167.12960815429688,111.3978042602539
2021-05-26,135.29664611816406,212.77687072753906,134.35951232910156,169.49314880371094,111.35894775390625
2021-05-27,134.7523956298828,213.16847229003906,134.8225555419922,171.30226135253906,111.2230224609375
2021-05-28,134.53858947753906,213.53074645996094,135.0155029296875,171.28282165527344,111.2230224609375
2021-06-01,134.50840759277344,213.6188507080078,135.15054321289062,173.5198974609375,111.17149353027344
2021-06-02,134.81985473632812,213.90280151367188,135.4882354736328,173.97705078125,111.31734466552734
2021-06-03,134.31378173828125,212.95309448242188,135.7583465576172,172.9071502685547,111.05480194091797
2021-06-04,136.15316772460938,214.80357360839844,136.19248962402344,173.2183837890625,111.51182556152344
2021-06-07,135.73464965820312,214.9798126220703,135.99952697753906,173.95762634277344,111.43402099609375
2021-06-08,136.6884307861328,215.42041015625,135.8162384033203,175.8153533935547,111.63824462890625
2021-06-09,137.89524841308594,214.81336975097656,135.37245178222656,174.27854919433594,111.86186981201172
2021-06-10,138.72244262695312,215.76307678222656,135.32421875,172.8779754638672,112.0952377319336
2021-06-11,138.4986114501953,216.39950561523438,135.42066955566406,174.47311401367188,112.04664611816406
2021-06-14,137.4377899169922,216.73239135742188,134.75498962402344,172.57644653320312,111.76465606689453
2021-06-15,137.27235412597656,216.1645050048828,134.9190216064453,172.8779754638672,111.81326293945312
2021-06-16,137.15554809570312,215.08749389648438,133.98324584960938,172.19711303710938,111.4534683227539
2021-06-17,139.20904541015625,214.88189697265625,132.3335418701172,168.31626892089844,111.80354309082031
2021-06-18,141.82701110839844,212.21876525878906,129.7769775390625,164.5034942626953,112.10497283935547
2021-06-21,139.45236206054688,215.146240234375,132.24668884277344,168.66641235351562,111.81326293945312
2021-06-22,139.79299926757812,216.37013244628906,132.3335418701172,168.705322265625,111.929931640625
2021-06-23,139.43287658691406,216.28199768066406,131.88975524902344,168.79283142089844,111.87161254882812
2021-06-24,139.65670776367188,217.750244140625,132.88108825683594,170.62930297851562,111.9104995727539
2021-06-25,138.20664978027344,218.5653839111328,133.72500610351562,171.9180145263672,111.68685913085938
2021-06-28,139.62753295898438,218.81089782714844,133.13328552246094,169.4381866455078,112.00775146484375
2021-06-29,139.8611297607422,218.82070922851562,132.8131866455078,168.76454162597656,112.06608581542969
2021-06-30,140.48397827148438,218.83055114746094,133.3369903564453,169.54559326171875,112.14388275146484
2021-07-01,140.4917755126953,220.01889038085938,134.2390899658203,171.176025390625,112.08155822753906
2021-07-02,141.33956909179688,221.2366943359375,134.65621948242188,170.32662963867188,112.3249740600586
2021-07-06,142.99620056152344,220.7554473876953,133.2593994140625,167.24148559570312,112.68524169921875
2021-07-07,144.2630157470703,221.0500946044922,133.77349853515625,167.00718688964844,112.87999725341797
2021-07-08,144.82823181152344,219.18409729003906,132.4348907470703,164.87884521484375,113.00656127929688
2021-07-09,142.7915802001953,221.8357696533203,134.35548400878906,168.99884033203125,112.63656616210938
2021-07-12,142.60643005371094,222.45448303222656,134.92779541015625,169.7310791015625,112.56840515136719
2021-07-13,141.51499938964844,221.21705627441406,133.9480743408203,166.54832458496094,112.3249740600586
2021-07-14,143.12286376953125,220.91259765625,133.88018798828125,165.50369262695312,112.70471954345703
2021-07-15,144.70156860351562,220.13673400878906,133.8995819091797,164.9569549560547,112.9481430053711
2021-07-16,144.4287109375,218.4082489013672,132.88108825683594,162.41851806640625,112.85079193115234
2021-07-19,147.5957794189453,215.30484008789062,130.46575927734375,158.8061981201172,113.44473266601562
2021-07-20,146.1730194091797,219.0269775390625,132.5706787109375,163.40460205078125,113.33761596679688
2021-07-21,144.32150268554688,220.9911651611328,133.84140014648438,166.0308837890625,112.96760559082031
2021-07-22,145.68577575683594,221.17776489257812,133.40489196777344,163.77561950683594,113.23051452636719
2021-07-23,144.71128845214844,223.38746643066406,134.04510498046875,164.83001708984375,113.15260314941406
2021-07-26,144.2825164794922,223.83924865722656,134.46218872070312,165.7574920654297,113.05524444580078
2021-07-27,145.82220458984375,222.63125610351562,134.5688934326172,164.92764282226562,113.31814575195312
2021-07-28,145.83192443847656,222.9749755859375,134.24879455566406,165.88442993164062,113.42526245117188
2021-07-29,145.02313232421875,223.9570770263672,135.3061065673828,167.5636749267578,113.24024963378906
2021-07-30,145.7052764892578,222.63125610351562,134.68531799316406,166.7533416748047,113.39602661132812
2021-08-02,147.00489807128906,222.31698608398438,134.53981018066406,165.80633544921875,113.63688659667969
2021-08-03,147.0829315185547,223.90798950195312,135.9560089111328,167.2219696044922,113.67588806152344
2021-08-04,147.3853759765625,222.90623474121094,134.50100708007812,164.68356323242188,113.66613006591797
2021-08-05,146.63412475585938,224.4972381591797,135.13148498535156,167.06576538085938,113.41261291503906
2021-08-06,144.18515014648438,224.772216796875,135.97540283203125,168.29591369628906,112.90557098388672
2021-08-09,143.66806030273438,224.68382263183594,135.88809204101562,167.456298828125,112.70079803466797
2021-08-10,143.00462341308594,224.8311309814453,136.95510864257812,169.09649658203125,112.55453491210938
2021-08-11,142.91677856445312,225.27308654785156,137.8087158203125,170.95147705078125,112.66180419921875
2021-08-12,142.68264770507812,225.90162658691406,137.94451904296875,170.59022521972656,112.67155456542969
2021-08-13,144.93643188476562,226.029296875,137.9154052734375,169.9165802001953,113.08110046386719
2021-08-16,145.2876739501953,226.11770629882812,138.2064208984375,168.83287048339844,113.13960266113281
2021-08-17,145.22911071777344,224.43832397460938,137.69229125976562,166.58737182617188,113.05182647705078
2021-08-18,145.7169952392578,222.1991424560547,136.00450134277344,164.89834594726562,113.06157684326172
2021-08-19,146.7902069091797,222.03216552734375,135.58740234375,162.9457244873047,113.25659942626953
2021-08-20,146.88778686523438,224.0258331298828,136.2373046875,164.90811157226562,113.26634979248047
2021-08-23,146.7902069091797,226.19627380371094,136.92601013183594,166.9193115234375,113.26634979248047
2021-08-24,145.64869689941406,227.0015869140625,137.22671508789062,168.59857177734375,113.10059356689453
2021-08-25,144.4388427734375,227.64976501464844,137.8087158203125,169.62368774414062,112.88607025146484
2021-08-26,144.8388671875,226.1275177001953,136.993896484375,167.88587951660156,112.89581298828125
2021-08-27,145.8242950439453,228.56309509277344,137.9736328125,171.4982147216797,113.20785522460938
2021-08-30,146.20481872558594,229.42735290527344,137.62442016601562,170.24851989746094,113.3346176147461
2021-08-31,145.20962524414062,228.9952392578125,137.498291015625,170.22900390625,113.16883850097656
2021-09-01,145.452880859375,229.39788818359375,137.17820739746094,170.5609588623047,113.20497131347656
2021-09-02,146.08787536621094,230.17373657226562,138.16761779785156,171.56654357910156,113.32215118408203
2021-09-03,144.75926208496094,230.09518432617188,137.62442016601562,170.77574157714844,113.1268539428711
2021-09-07,143.53814697265625,229.10325622558594,136.2664031982422,169.16482543945312,112.82415008544922
2021-09-08,144.51502990722656,228.56309509277344,136.17909240722656,168.1982879638672,113.00968933105469
2021-09-09,146.26373291015625,227.76760864257812,135.50979614257812,167.90538024902344,113.37097930908203
2021-09-10,144.97418212890625,225.96055603027344,134.63681030273438,166.07968139648438,113.14636993408203
2021-09-13,145.85342407226562,226.47125244140625,135.52920532226562,167.6613006591797,113.2928466796875
2021-09-14,147.6216278076172,225.10614013671875,134.0159912109375,165.48416137695312,113.5467529296875
2021-09-15,147.1038818359375,226.96231079101562,135.37400817871094,167.6417999267578,113.43933868408203
2021-09-16,146.4298095703125,226.7560577392578,134.8017120361328,167.07553100585938,113.2440414428711
2021-09-17,145.7264404296875,224.93919372558594,133.889892578125,166.04063415527344,113.14636993408203
2021-09-20,147.53372192382812,221.04025268554688,131.8916778564453,163.08241271972656,113.36121368408203
2021-09-21,147.40672302246094,221.02061462402344,131.55215454101562,162.57476806640625,113.4100341796875
2021-09-22,148.28594970703125,223.24996948242188,132.65797424316406,164.9569549560547,113.4490966796875
2021-09-23,144.9351348876953,225.9703826904297,134.46218872070312,168.0420684814453,112.89250183105469
2021-09-24,143.5186004638672,226.24032592773438,134.63392639160156,168.06362915039062,112.69719696044922
2021-09-27,142.99102783203125,225.7477264404297,135.20956420898438,170.78823852539062,112.54094696044922
2021-09-28,140.76368713378906,221.01878356933594,133.7265167236328,168.65167236328125,112.0722427368164
2021-09-29,141.00791931152344,221.1665802001953,134.2729034423828,168.9163055419922,112.1503677368164
2021-09-30,140.98837280273438,218.7725372314453,132.07763671875,165.88784790039062,112.13082885742188
2021-10-01,142.17489624023438,221.7872314453125,133.6289520263672,169.00450134277344,112.47314453125
2021-10-04,141.81298828125,218.44741821289062,133.11183166503906,168.769287109375,112.39488983154297
2021-10-05,140.4435577392578,220.4867706298828,134.19485473632812,169.30833435058594,112.1308364868164
2021-10-06,141.23582458496094,221.4029998779297,134.4387664794922,168.65167236328125,112.17974090576172
2021-10-07,139.75885009765625,223.53103637695312,135.5217742919922,170.70004272460938,111.86674499511719
2021-10-08,138.7806854248047,223.03843688964844,135.6583709716797,170.33741760253906,111.62224578857422
2021-10-11,138.42855834960938,221.4325408935547,134.63392639160156,169.46514892578125,111.44620513916016
2021-10-12,140.7957000732422,221.27496337890625,134.23387145996094,170.05320739746094,111.85698699951172
2021-10-13,142.1650848388672,222.2798309326172,134.38023376464844,170.20021057128906,112.11126708984375
2021-10-14,142.69332885742188,225.9743194580078,136.5169677734375,172.75820922851562,112.32644653320312
2021-10-15,141.86187744140625,227.31417846679688,137.45362854003906,172.8170166015625,112.05260467529297
2021-10-18,142.52703857421875,228.14175415039062,136.96578979492188,173.13063049316406,111.97434997558594
2021-10-19,140.56092834472656,229.80673217773438,138.1853790283203,173.33644104003906,111.651611328125
2021-10-20,139.61212158203125,230.70326232910156,139.58059692382812,175.1593780517578,111.57334899902344
2021-10-21,139.44580078125,231.33380126953125,139.26837158203125,174.86537170410156,111.338623046875
2021-10-22,140.98155212402344,230.8904571533203,139.7952423095703,175.29660034179688,111.55379486083984
2021-10-25,140.76634216308594,232.30914306640625,140.01963806152344,176.5413055419922,111.661376953125
2021-10-26,141.93035888671875,232.22047424316406,140.0684356689453,175.1005859375,111.86674499511719
2021-10-27,144.51268005371094,230.63430786132812,138.21466064453125,171.39590454101562,112.23841857910156
2021-10-28,144.0236053466797,233.09730529785156,139.4830322265625,174.12051391601562,112.15039825439453
2021-10-29,144.46377563476562,233.40269470214844,139.26837158203125,173.44427490234375,112.12105560302734
2021-11-01,143.4236602783203,234.56521606445312,139.77572631835938,177.14895629882812,112.05247497558594
2021-11-02,144.0602264404297,235.2942657470703,140.43919372558594,177.53118896484375,112.27777862548828
2021-11-03,142.57154846191406,236.95925903320312,141.19049072265625,180.17738342285156,112.05247497558594
2021-11-04,144.070068359375,237.8557586669922,140.6245880126953,179.12872314453125,112.42471313476562
2021-11-05,146.2247314453125,238.7720184326172,141.35633850097656,181.9219207763672,112.8655014038086
2021-11-08,145.9505157470703,239.16607666015625,141.61976623535156,182.01992797851562,112.6598129272461
2021-11-09,147.8505401611328,238.47645568847656,141.5514678955078,181.63771057128906,112.9732666015625
2021-11-10,145.1473846435547,236.13168334960938,141.3173065185547,179.8147735595703,112.2092056274414
2021-11-11,144.93191528320312,236.4174041748047,141.41488647460938,181.04965209960938,112.00349426269531
2021-11-12,144.29531860351562,238.17103576660156,141.78564453125,181.28488159179688,111.9839096069336
2021-11-15,142.48342895507812,238.17103576660156,141.86367797851562,181.843505859375,111.57250213623047
2021-11-16,142.12103271484375,239.1956329345703,141.62953186035156,181.57891845703125,111.53330993652344
2021-11-17,143.24734497070312,238.21044921875,140.99533081054688,179.9421844482422,111.79778289794922
2021-11-18,143.78602600097656,238.58482360839844,140.4684600830078,179.7755584716797,111.89575958251953
2021-11-19,145.30410766601562,237.905029296875,139.1220245361328,177.95262145996094,112.11124420166016
2021-11-22,143.5999298095703,236.76223754882812,139.9611053466797,179.2169189453125,111.57250213623047
2021-11-23,141.5236053466797,236.84103393554688,141.16119384765625,179.79515075683594,111.1316909790039
2021-11-24,143.79579162597656,237.63905334472656,141.0928955078125,179.45213317871094,111.38636779785156
2021-11-26,147.42938232421875,232.49632263183594,138.12684631347656,173.13063049316406,112.1798095703125
2021-11-29,146.24435424804688,234.68344116210938,138.4293212890625,172.94442749023438,112.23860168457031
2021-11-30,148.4675750732422,229.99392700195312,135.033935546875,168.20083618164062,112.42471313476562
2021-12-01,149.38343811035156,226.7526397705078,134.22413635253906,165.35862731933594,112.44629669189453
2021-12-02,149.56973266601562,230.43724060058594,136.83895874023438,170.37661743164062,112.42668151855469
2021-12-03,151.35443115234375,227.76736450195312,136.77064514160156,168.40664672851562,112.87792205810547
2021-12-06,149.2755889892578,230.6934051513672,138.61468505859375,171.96435546875,112.48553466796875
2021-12-07,148.06944274902344,235.6292266845703,140.146484375,174.66934204101562,112.30895233154297
2021-12-08,145.51010131835938,236.6439971923828,139.9416046142578,175.22799682617188,112.01467895507812
2021-12-09,146.32398986816406,234.3878936767578,139.69766235351562,172.94442749023438,112.02448272705078
2021-12-10,145.97097778320312,235.98390197753906,140.86851501464844,173.2090301513672,112.05390930175781
2021-12-13,148.12826538085938,233.836181640625,140.2830810546875,170.5726318359375,112.44629669189453
2021-12-14,147.77525329589844,232.08253479003906,140.3318634033203,170.18060302734375,112.23047637939453
2021-12-15,146.35340881347656,235.65879821777344,141.64903259277344,171.58212280273438,112.14219665527344
2021-12-16,146.4103240966797,233.0184783935547,142.63449096679688,170.2786102294922,112.29637908935547
2021-12-17,148.0694122314453,231.95445251464844,140.52699279785156,169.53375244140625,112.433837890625
2021-12-20,146.9600830078125,228.69345092773438,139.1512908935547,166.3386993408203,112.26690673828125
2021-12-21,146.40052795410156,233.1761016845703,140.7709197998047,171.0920867919922,112.17852783203125
2021-12-22,147.077880859375,235.48147583007812,141.5807342529297,172.78761291503906,112.27671813964844
2021-12-23,145.80169677734375,237.10702514648438,142.41983032226562,174.07151794433594,112.13925170898438
2021-12-27,146.15512084960938,240.2205352783203,143.89540100097656,176.1355743408203,112.19818878173828
2021-12-28,145.57589721679688,239.72616577148438,144.25865173339844,176.27371215820312,112.14906311035156
2021-12-29,143.98553466796875,239.86459350585938,144.55316162109375,176.85581970214844,111.8152084350586
2021-12-30,145.1930389404297,239.47898864746094,144.36663818359375,176.3032989501953,112.06070709228516
2021-12-31,145.4777374267578,238.71766662597656,144.425537109375,176.46116638183594,112.02143096923828
2022-01-03,141.658935546875,240.23040771484375,145.0244140625,177.87205505371094,111.25550079345703
2022-01-04,141.0699005126953,239.77557373046875,146.68357849121094,180.14134216308594,111.24568176269531
2022-01-05,140.3041534423828,234.57492065429688,145.77053833007812,176.60914611816406,110.90199279785156
2022-01-06,140.66741943359375,234.5155792236328,146.0258026123047,178.0595245361328,110.78417205810547
2022-01-07,139.65625,233.44776916503906,146.69338989257812,177.53659057617188,110.46009826660156
2022-01-10,139.99986267089844,233.04237365722656,146.56576538085938,176.63876342773438,110.36190795898438
2022-01-11,140.93247985839844,235.36587524414062,147.56715393066406,178.34564208984375,110.56810760498047
2022-01-12,140.3925323486328,235.73171997070312,147.58677673339844,177.99046325683594,110.56810760498047
2022-01-13,141.63929748535156,232.2810516357422,147.28244018554688,178.30618286132812,110.76451110839844
2022-01-14,139.4991912841797,232.37005615234375,147.07627868652344,178.42457580566406,110.14586639404297
2022-01-18,137.53582763671875,227.85157775878906,145.08331298828125,174.8923797607422,109.47815704345703
2022-01-19,138.48805236816406,225.4588623046875,143.80702209472656,172.27780151367188,109.71382904052734
2022-01-20,139.34210205078125,222.828857421875,142.55038452148438,168.92320251464844,109.77275085449219
2022-01-21,141.0011749267578,218.41915893554688,140.8912353515625,166.20993041992188,110.2048110961914
2022-01-24,139.8427734375,219.82313537597656,141.009033203125,168.67654418945312,110.0771255493164
2022-01-25,139.6169891357422,216.74819946289062,140.88140869140625,167.50244140625,109.96912384033203
2022-01-26,137.9285125732422,215.9077911376953,140.174560546875,165.7462158203125,109.35050201416016
2022-01-27,140.4612579345703,214.30604553222656,139.93893432617188,163.40785217285156,109.71382904052734
2022-01-28,140.51031494140625,219.58583068847656,141.65699768066406,165.67713928222656,109.7923812866211
2022-01-31,139.7838897705078,224.25262451171875,142.87437438964844,168.67654418945312,109.7825698852539
2022-02-01,139.31988525390625,225.96310424804688,143.83648681640625,170.5314178466797,109.74420166015625
2022-02-02,139.79173278808594,227.45608520507812,145.12258911132812,170.63995361328125,109.86222839355469
2022-02-03,138.70053100585938,222.04776000976562,143.87576293945312,168.28187561035156,109.41970825195312
2022-02-04,136.65576171875,223.52096557617188,143.69903564453125,168.2128448486328,108.73133087158203
2022-02-07,136.7442626953125,222.95738220214844,143.97393798828125,168.50881958007812,108.82966613769531
2022-02-08,135.8300018310547,225.0040740966797,144.92623901367188,171.25169372558594,108.49533081054688
2022-02-09,136.08560180664062,228.66233825683594,146.33013916015625,173.81695556640625,108.56416320800781
2022-02-10,133.92286682128906,224.7865447998047,144.24880981445312,171.78445434570312,107.56111145019531
2022-02-11,135.90863037109375,220.42625427246094,142.82528686523438,170.30450439453125,108.26914978027344
2022-02-14,134.21778869628906,219.61549377441406,141.6471710205078,169.06134033203125,107.63978576660156
2022-02-15,132.6940155029297,223.52096557617188,143.08055114746094,172.85003662109375,107.4627914428711
2022-02-16,133.4805145263672,223.7285919189453,143.4241485595703,173.9649658203125,107.59062957763672
2022-02-17,134.47337341308594,218.64654541015625,141.47047424316406,170.63009643554688,107.81680297851562
2022-02-18,135.8889923095703,216.89651489257812,140.93051147460938,170.07757568359375,108.04298400878906
2022-02-22,136.2428741455078,214.40492248535156,139.8898468017578,167.53204345703125,107.92496490478516
2022-02-23,134.36524963378906,210.4599151611328,138.30923461914062,165.07530212402344,107.44312286376953
2022-02-24,134.45372009277344,214.14785766601562,137.8968963623047,166.45660400390625,107.63978576660156
2022-02-25,134.55201721191406,218.9134979248047,142.01043701171875,171.30101013183594,107.74796295166016
2022-02-28,137.50120544433594,218.67620849609375,141.22503662109375,171.41941833496094,108.52481842041016
2022-03-01,139.0909423828125,215.26512145996094,139.10446166992188,167.6504364013672,109.13639831542969
2022-03-02,134.33645629882812,219.34854125976562,141.9613494873047,172.42578125,107.82659912109375
2022-03-03,135.70472717285156,217.6776123046875,142.32460021972656,171.6759490966797,108.19097137451172
2022-03-04,138.0475616455078,215.50241088867188,142.28530883789062,169.19947814941406,108.6242904663086
2022-03-07,136.9942626953125,208.85818481445312,139.4578857421875,163.61508178710938,107.9940185546875
2022-03-08,135.61614990234375,207.68161010742188,138.0834197998047,164.0689239501953,107.60993957519531
2022-03-09,134.28726196289062,213.44586181640625,140.1450958251953,168.01548767089844,107.38343811035156
2022-03-10,132.35791015625,212.48680114746094,140.12545776367188,168.70614624023438,106.78271484375
2022-03-11,132.80088806152344,209.59971618652344,139.12408447265625,167.22618103027344,106.76301574707031
2022-03-14,129.70010375976562,207.53326416015625,139.3204345703125,166.17047119140625,105.72896575927734
2022-03-15,129.47369384765625,211.86390686035156,140.9501495361328,168.11416625976562,105.96531677246094
2022-03-16,130.74354553222656,217.16346740722656,142.5700225830078,171.9324493408203,106.04409790039062
2022-03-17,129.76901245117188,220.0703125,144.37644958496094,173.65908813476562,106.22137451171875
2022-03-18,131.3538360595703,222.6409912109375,144.6317138671875,174.54708862304688,106.45771789550781
2022-03-21,128.31214904785156,222.43336486816406,145.18148803710938,174.3694610595703,105.413818359375
2022-03-22,126.66825103759766,225.1622314453125,145.97671508789062,175.2574462890625,105.12822723388672
2022-03-23,129.44418334960938,222.09556579589844,144.6067352294922,172.91677856445312,105.5615463256836
2022-03-24,128.43028259277344,225.25942993164062,145.98855590820312,174.50099182128906,105.32518768310547
2022-03-25,126.6485595703125,226.22149658203125,147.508544921875,176.4020538330078,104.48810577392578
2022-03-28,127.73136138916016,227.6893768310547,147.32101440429688,175.71885681152344,104.74414825439453
2022-03-29,128.69607543945312,231.14085388183594,148.24879455566406,179.09521484375,105.23655700683594
2022-03-30,129.70010375976562,229.26634216308594,148.02178955078125,176.5010528564453,105.52216339111328
2022-03-31,130.01512145996094,225.804931640625,145.86024475097656,174.20394897460938,105.47290802001953
2022-04-01,130.51004028320312,226.70748901367188,146.43270874023438,175.3129119873047,105.2855224609375
2022-04-04,129.60301208496094,228.63157653808594,146.0477752685547,174.64950561523438,105.374267578125
2022-04-05,126.67497253417969,225.2891845703125,145.2976531982422,171.560302734375,104.30909729003906
2022-04-06,125.649658203125,222.7005615234375,145.81089782714844,170.1444091796875,104.04279327392578
2022-04-07,124.70320892333984,223.54360961914062,146.59063720703125,169.6988525390625,103.81595611572266
2022-04-08,123.35256958007812,222.84934997558594,147.6269989013672,170.0157012939453,103.29322814941406
2022-04-11,121.4005355834961,219.3680877685547,146.28465270996094,169.47113037109375,102.84940338134766
2022-04-12,121.2329330444336,218.69366455078125,145.92933654785156,169.67904663085938,103.17488098144531
2022-04-13,121.47940063476562,221.55999755859375,146.6597137451172,172.5009307861328,103.38199615478516
2022-04-14,119.04430389404297,218.86227416992188,146.12673950195312,171.8672332763672,102.54365539550781
2022-04-18,118.4527816772461,218.48538208007812,146.06752014160156,171.66921997070312,102.22804260253906
2022-04-19,117.56548309326172,222.33360290527344,147.6171112060547,175.09507751464844,101.606689453125
2022-04-20,119.93158721923828,222.04598999023438,148.8410186767578,176.48126220703125,102.1885986328125
2022-04-21,119.04430389404297,218.4159698486328,147.2617950439453,173.3128204345703,101.62641143798828
2022-04-22,118.29502868652344,212.46510314941406,143.4124755859375,168.72853088378906,101.52778625488281
2022-04-25,119.47808074951172,213.62551879882812,143.39271545410156,169.11468505859375,102.20832061767578
2022-04-26,120.68087005615234,207.53582763671875,140.8955841064453,164.70858764648438,102.52391815185547
2022-04-27,119.13302612304688,207.94247436523438,141.11273193359375,164.6788787841797,102.10969543457031
2022-04-28,119.31048583984375,213.0106201171875,143.17556762695312,167.78790283203125,102.07022857666016
2022-04-29,117.76265716552734,205.18524169921875,138.87220764160156,163.16397094726562,101.45874786376953
2022-05-02,115.72138214111328,206.7324676513672,138.93142700195312,163.78775024414062,100.90644836425781
2022-05-03,116.50155639648438,207.71434020996094,140.1158447265625,166.32247924804688,101.13368225097656
2022-05-04,117.14347076416016,213.80406188964844,143.8566131591797,170.78799438476562,101.78578186035156
2022-05-05,113.93392181396484,205.91917419433594,140.71792602539062,165.33236694335938,100.77800750732422
2022-05-06,112.25508117675781,204.2628631591797,140.64883422851562,163.60952758789062,100.35315704345703
2022-05-09,113.24262237548828,197.0226593017578,137.3324737548828,158.2034149169922,100.84716796875
2022-05-10,114.26969146728516,197.4193878173828,136.91793823242188,156.9756317138672,101.15345001220703
2022-05-11,116.47193908691406,193.848876953125,136.2171630859375,154.53001403808594,101.5289077758789
2022-05-12,116.25467681884766,194.05715942382812,136.45404052734375,155.62905883789062,101.71662139892578
2022-05-13,114.53633880615234,199.2542266845703,138.27012634277344,159.44107055664062,101.28190612792969
2022-05-16,114.4178237915039,198.2723388671875,138.7241668701172,159.37176513671875,101.50914001464844
2022-05-17,113.03524017333984,202.50735473632812,140.92520141601562,164.21351623535156,100.95584106445312
2022-05-18,115.44488525390625,194.58282470703125,136.2368927001953,158.3816375732422,101.36093139648438
2022-05-19,115.72138214111328,193.71995544433594,135.03274536132812,157.65882873535156,101.6178207397461
2022-05-20,117.03483581542969,193.71995544433594,135.2992401123047,157.00535583496094,101.92411041259766
2022-05-23,115.1091079711914,197.03257751464844,137.72727966308594,159.25294494628906,101.58818054199219
2022-05-24,117.38048553466797,195.0588836669922,138.29974365234375,157.7578582763672,102.36872100830078
2022-05-25,117.8446273803711,197.23094177246094,139.25714111328125,160.9163818359375,102.79357147216797
2022-05-26,117.31134796142578,201.26759338378906,141.11273193359375,164.45114135742188,102.71452331542969
2022-05-27,117.59774780273438,206.36549377441406,143.36309814453125,167.85719299316406,102.88247680664062
2022-05-31,115.1091079711914,204.6695098876953,142.21817016601562,166.2036895751953,102.23040008544922
2022-06-01,114.97753143310547,203.32064819335938,141.1028594970703,165.27294921875,101.81072235107422
2022-06-02,115.0368881225586,207.46640014648438,142.29713439941406,168.1641387939453,101.93939208984375
2022-06-03,114.78956604003906,204.1537628173828,141.1226043701172,166.70863342285156,101.77112579345703
2022-06-06,112.67243957519531,204.75875854492188,141.3890838623047,167.9562225341797,101.14755249023438
2022-06-07,113.8892822265625,206.98040771484375,142.988037109375,169.89686584472656,101.53357696533203
2022-06-08,112.88019561767578,204.6595916748047,141.1226043701172,166.85716247558594,101.11785888671875
2022-06-09,113.25613403320312,199.7600555419922,138.1023406982422,163.24317932128906,101.00897216796875
2022-06-10,112.55371856689453,193.8290252685547,135.1610565185547,158.86679077148438,100.22703552246094
2022-06-13,109.02188110351562,185.91441345214844,130.68991088867188,151.4110870361328,98.58397674560547
2022-06-14,107.6467514038086,185.3887481689453,129.77198791503906,150.83682250976562,97.99999237060547
2022-06-15,109.65504455566406,188.0864715576172,130.4431610107422,152.45074462890625,99.0887680053711
2022-06-16,110.52564239501953,181.5207061767578,126.90966033935547,145.22276306152344,99.3263168334961
2022-06-17,110.88179016113281,182.20504760742188,126.34706115722656,145.9950714111328,99.3164291381836
2022-06-21,109.00210571289062,186.61859130859375,129.42652893066406,148.21298217773438,98.92050170898438
2022-06-22,111.99971008300781,186.58885192871094,129.1205596923828,147.56936645507812,99.76183319091797
2022-06-23,112.91976928710938,188.28065490722656,129.5030059814453,147.77035522460938,100.17755126953125
2022-06-24,111.35665130615234,194.36483764648438,132.8406524658203,152.82437133789062,100.01918029785156
2022-06-27,110.40691375732422,193.76736450195312,133.16845703125,153.53074645996094,99.57377624511719
2022-06-28,110.92137145996094,189.77432250976562,131.95657348632812,151.8593292236328,99.61336517333984
2022-06-29,112.65265655517578,189.45567321777344,131.45989990234375,150.177978515625,100.18744659423828
2022-06-30,113.6419677734375,187.82260131835938,131.00296020507812,149.0537567138672,100.64276123046875
2022-07-01,114.80867767333984,189.80419921875,132.32412719726562,151.1629180908203,101.48165130615234
2022-07-05,115.71073913574219,190.48130798339844,130.8638916015625,150.34710693359375,101.6700668334961
2022-07-06,113.76785278320312,190.85971069335938,130.98309326171875,149.16319274902344,100.98585510253906
2022-07-07,112.76667022705078,194.00634765625,132.32412719726562,152.0583038330078,100.75778198242188
2022-07-08,111.5176773071289,193.8072052001953,132.2049102783203,151.45143127441406,100.38097381591797
2022-07-11,113.44073486328125,191.3575897216797,131.44996643066406,149.939208984375,100.84703063964844
2022-07-12,114.11479187011719,189.70460510253906,130.80429077148438,149.97900390625,100.98585510253906
2022-07-13,115.42327880859375,188.87811279296875,129.9003448486328,149.40196228027344,101.3527603149414
2022-07-14,114.48155975341797,188.0416717529297,128.78778076171875,147.56143188476562,100.99576568603516
2022-07-15,115.12589263916016,191.69615173339844,131.38043212890625,150.4764404296875,101.39241790771484
2022-07-18,113.92646026611328,190.3717803955078,130.3771514892578,150.62567138671875,101.065185546875
2022-07-19,113.31187438964844,195.689208984375,133.31747436523438,155.58021545410156,100.92635345458984
2022-07-20,113.60926055908203,197.27249145507812,133.09893798828125,156.93325805664062,100.85694122314453
2022-07-21,115.57195281982422,199.22421264648438,133.63534545898438,157.39089965820312,101.69981384277344
2022-07-22,117.51484680175781,197.06336975097656,133.36712646484375,156.27662658691406,102.49311065673828
2022-07-25,116.36497497558594,197.3322296142578,134.39027404785156,157.73910522460938,102.11628723144531
2022-07-26,116.45418548583984,194.89259338378906,133.81414794921875,156.8437042236328,102.09645080566406
2022-07-27,115.7999496459961,200.0108642578125,135.3538360595703,159.43040466308594,102.45344543457031
2022-07-28,116.72183990478516,202.61978149414062,136.5657196044922,161.88778686523438,103.1872329711914
2022-07-29,116.40462493896484,205.37806701660156,137.62860107421875,163.69847106933594,103.19715118408203
2022-08-01,119.20806121826172,204.9001007080078,137.18161010742188,163.6089324951172,103.55482482910156
2022-08-02,116.68566131591797,203.7947998046875,136.10877990722656,161.76840209960938,102.49175262451172
2022-08-03,118.52284240722656,207.0708770751953,137.0723419189453,162.88265991210938,102.94876861572266
2022-08-04,118.48312377929688,206.87173461914062,136.2379150390625,161.82809448242188,103.19715118408203
2022-08-05,115.66280364990234,206.80201721191406,136.58558654785156,162.61404418945312,102.04466247558594
2022-08-08,117.52976989746094,206.99122619628906,136.74452209472656,163.93724060058594,102.5116195678711
2022-08-09,117.07295989990234,205.686767578125,136.97299194335938,162.91250610351562,102.2831039428711
2022-08-10,116.30830383300781,210.37686157226562,138.9001007080078,166.4344024658203,102.54141998291016
2022-08-11,113.59721374511719,210.38681030273438,139.62522888183594,168.04612731933594,101.99498748779297
2022-08-12,114.74918365478516,214.03134155273438,141.64173889160156,170.5731201171875,102.45201110839844
2022-08-15,114.64986419677734,214.86778259277344,141.87020874023438,170.65272521972656,102.58116149902344
2022-08-16,115.12654876708984,215.3258514404297,142.4761505126953,171.98585510253906,102.43213653564453
2022-08-17,113.92493438720703,213.39404296875,141.7311248779297,169.8568115234375,101.82608795166016
2022-08-18,114.09375,213.95167541503906,142.21788024902344,171.0407257080078,102.04466247558594
2022-08-19,112.25657653808594,210.8946533203125,141.25433349609375,168.3545379638672,101.32933044433594
2022-08-22,111.87921142578125,206.38380432128906,138.9398193359375,164.82269287109375,100.89218139648438
2022-08-23,111.26351165771484,205.99545288085938,138.6914825439453,164.9520263671875,100.85243225097656
2022-08-24,110.44918823242188,206.86178588867188,139.0987548828125,165.6186065673828,100.58418273925781
2022-08-25,111.98844146728516,209.8590545654297,140.79739379882812,168.36448669433594,101.14055633544922
2022-08-26,112.83255767822266,202.9085693359375,137.01272583007812,163.6487274169922,100.95179748535156
2022-08-29,111.8990707397461,201.4248504638672,136.53591918945312,162.7334442138672,100.46495819091797
2022-08-30,112.17713165283203,199.1843719482422,135.02601623535156,160.35565185546875,100.5941162109375
2022-08-31,111.10460662841797,197.7205810546875,133.94326782226562,159.20159912109375,100.0576171875
2022-09-01,109.07048797607422,197.84007263183594,134.54922485351562,157.95799255371094,99.62356567382812
2022-09-02,109.6875,195.87841796875,133.42674255371094,157.31129455566406,99.91226959228516
2022-09-06,106.9706802368164,195.081787109375,133.03932189941406,155.9085235595703,98.97645568847656
2022-09-07,108.6624755859375,198.6864776611328,135.0359649658203,158.89317321777344,99.66338348388672
2022-09-08,107.54788208007812,200.2598114013672,136.02931213378906,160.2760772705078,99.34481048583984
2022-09-09,107.7867202758789,203.58567810058594,137.60873413085938,163.1512908935547,99.33485412597656
2022-09-12,106.9010238647461,205.77638244628906,138.81069946289062,164.892333984375,99.1855239868164
2022-09-13,107.14981079101562,196.93392944335938,134.06248474121094,158.75389099121094,98.62802124023438
2022-09-14,107.51802825927734,197.70066833496094,134.2611541748047,158.6245574951172,98.7574462890625
2022-09-15,107.4483642578125,195.58963012695312,133.53599548339844,157.68936157226562,98.45878601074219
2022-09-16,106.5527114868164,193.8072052001953,132.6221160888672,155.6796875,98.38909912109375
2022-09-19,106.80150604248047,195.18136596679688,133.4664764404297,157.62966918945312,98.23976135253906
2022-09-20,105.7366714477539,192.91099548339844,131.74798583984375,155.23199462890625,97.80171966552734
2022-09-21,107.50807189941406,189.614990234375,129.69174194335938,153.01339721679688,98.11034393310547
2022-09-22,104.76140594482422,187.49398803710938,129.05599975585938,149.97900390625,97.06503295898438
2022-09-23,105.18932342529297,184.25999450683594,126.75,146.47000122070312,96.76636505126953
2022-09-26,103.17908477783203,182.24000549316406,124.95999908447266,143.88999938964844,95.52194213867188
2022-09-27,100.46227264404297,181.97000122070312,124.4000015258789,143.75999450683594,95.11376953125
2022-09-28,103.8259506225586,185.8000030517578,126.97000122070312,147.49000549316406,96.64690399169922
2022-09-29,103.28855895996094,181.94000244140625,124.98999786376953,144.3800048828125,96.1391830444336
2022-09-30,101.95502471923828,179.47000122070312,123.4800033569336,143.39999389648438,95.91020202636719
2022-10-03,103.57504272460938,184.02999877929688,126.77999877929688,147.38999938964844,96.6894302368164
2022-10-04,103.28575134277344,189.94000244140625,130.47000122070312,153.47000122070312,96.9488296508789
2022-10-05,102.29818725585938,189.5800018310547,130.08999633789062,152.66000366210938,96.44000244140625
2022-10-06,101.7295913696289,187.77000427246094,128.47000122070312,151.24000549316406,96.06085968017578
2022-10-07,100.74201202392578,182.39999389648438,125.95999908447266,148.0,95.55201721191406
2022-10-10,99.17587280273438,180.9499969482422,125.31999969482422,147.77000427246094,95.12299346923828
2022-10-11,99.61479187011719,179.7899932861328,125.19000244140625,147.97000122070312,95.182861328125
2022-10-12,100.10358428955078,179.3000030517578,124.69000244140625,147.25,95.26268768310547
2022-10-13,99.14594268798828,183.75,128.2899932861328,150.88999938964844,94.96336364746094
2022-10-14,98.32795715332031,179.4199981689453,126.30999755859375,147.7100067138672,94.44454956054688
2022-10-17,97.84913635253906,184.2100067138672,128.49000549316406,151.27000427246094,94.64409637451172
2022-10-18,98.07857513427734,186.4600067138672,130.22000122070312,153.5500030517578,94.80372619628906
2022-10-19,96.29296875,184.8699951171875,129.22999572753906,151.4499969482422,93.98558807373047
2022-10-20,94.64701843261719,183.27000427246094,128.14999389648438,149.11000061035156,93.4168930053711
2022-10-21,92.94121551513672,187.49000549316406,131.30999755859375,152.1199951171875,93.55657196044922
2022-10-24,92.17311096191406,189.50999450683594,133.0500030517578,153.27999877929688,93.42687225341797
2022-10-25,94.85649871826172,192.94000244140625,134.4199981689453,156.75999450683594,94.34477233886719
2022-10-26,96.22313690185547,191.75,135.25999450683594,157.0800018310547,94.76382446289062
2022-10-27,97.23065948486328,190.85000610351562,135.77999877929688,157.77000427246094,95.24272918701172
2022-10-28,96.56230926513672,195.2899932861328,138.5500030517578,160.50999450683594,95.0032730102539
2022-10-31,95.8740005493164,194.02999877929688,137.97000122070312,160.61000061035156,94.68400573730469
2022-11-01,96.7699966430664,193.42999267578125,138.25,161.2100067138672,94.86000061035156
2022-11-02,96.3499984741211,188.33999633789062,136.1300048828125,156.75,94.69999694824219
2022-11-03,95.83000183105469,186.5399932861328,135.85000610351562,156.16000366210938,94.3499984741211
2022-11-04,94.22000122070312,188.94000244140625,137.64999389648438,158.9499969482422,94.33999633789062
2022-11-07,93.27999877929688,190.66000366210938,138.83999633789062,160.5399932861328,94.04000091552734
2022-11-08,94.30000305175781,191.66000366210938,139.66000366210938,160.6199951171875,94.44000244140625
2022-11-09,94.61000061035156,187.52999877929688,137.3300018310547,157.24000549316406,94.55000305175781
2022-11-10,98.25,198.13999938964844,142.14999389648438,165.7100067138672,96.58000183105469
2022-11-11,97.88999938964844,200.16000366210938,142.22999572753906,166.77000427246094,96.51000213623047
2022-11-14,97.6500015258789,198.35000610351562,141.4199981689453,164.92999267578125,96.23999786376953
2022-11-15,99.2300033569336,200.36000061035156,141.9600067138672,166.9199981689453,96.94999694824219
2022-11-16,101.4000015258789,198.32000732421875,141.13999938964844,164.50999450683594,97.55000305175781
2022-11-17,100.33000183105469,197.49000549316406,141.14999389648438,163.8300018310547,97.13999938964844
2022-11-18,99.63999938964844,198.4199981689453,142.3800048828125,165.10000610351562,97.0
2022-11-21,100.05999755859375,197.5800018310547,142.52999877929688,164.9499969482422,96.94000244140625
2022-11-22,101.4800033569336,200.1699981689453,144.27999877929688,167.61000061035156,97.44000244140625
2022-11-23,103.25,201.38999938964844,144.69000244140625,167.6699981689453,98.0199966430664
2022-11-25,102.9000015258789,201.5399932861328,145.08999633789062,168.57000732421875,98.04000091552734
2022-11-28,103.19000244140625,198.27000427246094,143.11000061035156,165.22999572753906,97.87999725341797
2022-11-29,101.9800033569336,197.9600067138672,143.55999755859375,166.22999572753906,97.52999877929688
2022-11-30,102.7300033569336,204.05999755859375,146.24000549316406,169.5399932861328,98.29000091552734
2022-12-01,105.76000213623047,204.17999267578125,146.0399932861328,169.0800018310547,98.87999725341797
