<?xml version="1.0" encoding="utf-8" standalone="yes" ?>
<feed xml:base="https://home.treasury.gov/resource-center/data-chart-center/interest-rates/pages/xml" xmlns:d="http://schemas.microsoft.com/ado/2007/08/dataservices" xmlns:m="http://schemas.microsoft.com/ado/2007/08/dataservices/metadata" xmlns="http://www.w3.org/2005/Atom"> 
<title type="text"></title>
<id>https://home.treasury.gov/resource-center/data-chart-center/interest-rates/pages/xml-item?data=</id>
<updated>2022-03-12T00:04:02Z</updated>
<link rel="self" title="" href=""/>
<entry>
<id>https://home.treasury.gov/resource-center/data-chart-center/interest-rates/pages/xml-item?data=&amp;id=8010</id>
<title type="text"></title>
<updated>2022-03-12T00:04:02Z</updated>
<author><name /></author>
<link rel="edit" title="" href="/resource-center/data-chart-center/interest-rates/pages/xml-item?data=&amp;id=8010" />
<category term="TreasuryDataWarehouseModel." scheme="http://schemas.microsoft.com/ado/2007/08/dataservices/scheme" />
<content type="application/xml">
<m:properties>
<d:Id m:type="Edm.Int32">8010</d:Id>
<d:NEW_DATE m:type="Edm.DateTime">2022-01-03T00:00:00</d:NEW_DATE>
<d:BC_1MONTH m:type="Edm.Double">0.05</d:BC_1MONTH>
<d:BC_2MONTH m:type="Edm.Double">0.06</d:BC_2MONTH>
<d:BC_3MONTH m:type="Edm.Double">0.08</d:BC_3MONTH>
<d:BC_6MONTH m:type="Edm.Double">0.22</d:BC_6MONTH>
<d:BC_1YEAR m:type="Edm.Double">0.40</d:BC_1YEAR>
<d:BC_2YEAR m:type="Edm.Double">0.78</d:BC_2YEAR>
<d:BC_3YEAR m:type="Edm.Double">1.04</d:BC_3YEAR>
<d:BC_5YEAR m:type="Edm.Double">1.37</d:BC_5YEAR>
<d:BC_7YEAR m:type="Edm.Double">1.55</d:BC_7YEAR>
<d:BC_10YEAR m:type="Edm.Double">1.63</d:BC_10YEAR>
<d:BC_20YEAR m:type="Edm.Double">2.05</d:BC_20YEAR>
<d:BC_30YEAR m:type="Edm.Double">2.01</d:BC_30YEAR>
<d:BC_30YEARDISPLAY m:type="Edm.Double">2.01</d:BC_30YEARDISPLAY>
</m:properties>
</content>
</entry>
<entry>
<id>https://home.treasury.gov/resource-center/data-chart-center/interest-rates/pages/xml-item?data=&amp;id=8011</id>
<title type="text"></title>
<updated>2022-03-12T00:04:02Z</updated>
<author><name /></author>
<link rel="edit" title="" href="/resource-center/data-chart-center/interest-rates/pages/xml-item?data=&amp;id=8011" />
<category term="TreasuryDataWarehouseModel." scheme="http://schemas.microsoft.com/ado/2007/08/dataservices/scheme" />
<content type="application/xml">
<m:properties>
<d:Id m:type="Edm.Int32">8011</d:Id>
<d:NEW_DATE m:type="Edm.DateTime">2022-01-04T00:00:00</d:NEW_DATE>
<d:BC_1MONTH m:type="Edm.Double">0.06</d:BC_1MONTH>
<d:BC_2MONTH m:type="Edm.Double">0.05</d:BC_2MONTH>
<d:BC_3MONTH m:type="Edm.Double">0.08</d:BC_3MONTH>
<d:BC_6MONTH m:type="Edm.Double">0.22</d:BC_6MONTH>
<d:BC_1YEAR m:type="Edm.Double">0.38</d:BC_1YEAR>
<d:BC_2YEAR m:type="Edm.Double">0.77</d:BC_2YEAR>
<d:BC_3YEAR m:type="Edm.Double">1.02</d:BC_3YEAR>
<d:BC_5YEAR m:type="Edm.Double">1.37</d:BC_5YEAR>
<d:BC_7YEAR m:type="Edm.Double">1.57</d:BC_7YEAR>
<d:BC_10YEAR m:type="Edm.Double">1.66</d:BC_10YEAR>
<d:BC_20YEAR m:type="Edm.Double">2.10</d:BC_20YEAR>
<d:BC_30YEAR m:type="Edm.Double">2.07</d:BC_30YEAR>
<d:BC_30YEARDISPLAY m:type="Edm.Double">2.07</d:BC_30YEARDISPLAY>
</m:properties>
</content>
</entry>
<entry>
<id>https://home.treasury.gov/resource-center/data-chart-center/interest-rates/pages/xml-item?data=&amp;id=8012</id>
<title type="text"></title>
<updated>2022-03-12T00:04:02Z</updated>
<author><name /></author>
<link rel="edit" title="" href="/resource-center/data-chart-center/interest-rates/pages/xml-item?data=&amp;id=8012" />
<category term="TreasuryDataWarehouseModel." scheme="http://schemas.microsoft.com/ado/2007/08/dataservices/scheme" />
<content type="application/xml">
<m:properties>
<d:Id m:type="Edm.Int32">8012</d:Id>
<d:NEW_DATE m:type="Edm.DateTime">2022-01-05T00:00:00</d:NEW_DATE>
<d:BC_1MONTH m:type="Edm.Double">0.05</d:BC_1MONTH>
<d:BC_2MONTH m:type="Edm.Double">0.06</d:BC_2MONTH>
<d:BC_3MONTH m:type="Edm.Double">0.09</d:BC_3MONTH>
<d:BC_6MONTH m:type="Edm.Double">0.22</d:BC_6MONTH>
<d:BC_1YEAR m:type="Edm.Double">0.41</d:BC_1YEAR>
<d:BC_2YEAR m:type="Edm.Double">0.83</d:BC_2YEAR>
<d:BC_3YEAR m:type="Edm.Double">1.10</d:BC_3YEAR>
<d:BC_5YEAR m:type="Edm.Double">1.43</d:BC_5YEAR>
<d:BC_7YEAR m:type="Edm.Double">1.62</d:BC_7YEAR>
<d:BC_10YEAR m:type="Edm.Double">1.71</d:BC_10YEAR>
<d:BC_20YEAR m:type="Edm.Double">2.12</d:BC_20YEAR>
<d:BC_30YEAR m:type="Edm.Double">2.09</d:BC_30YEAR>
<d:BC_30YEARDISPLAY m:type="Edm.Double">2.09</d:BC_30YEARDISPLAY>
</m:properties>
</content>
</entry>
<entry>
<id>https://home.treasury.gov/resource-center/data-chart-center/interest-rates/pages/xml-item?data=&amp;id=8013</id>
<title type="text"></title>
<updated>2022-03-12T00:04:02Z</updated>
<author><name /></author>
<link rel="edit" title="" href="/resource-center/data-chart-center/interest-rates/pages/xml-item?data=&amp;id=8013" />
<category term="TreasuryDataWarehouseModel." scheme="http://schemas.microsoft.com/ado/2007/08/dataservices/scheme" />
<content type="application/xml">
<m:properties>
<d:Id m:type="Edm.Int32">8013</d:Id>
<d:NEW_DATE m:type="Edm.DateTime">2022-01-06T00:00:00</d:NEW_DATE>
<d:BC_1MONTH m:type="Edm.Double">0.04</d:BC_1MONTH>
<d:BC_2MONTH m:type="Edm.Double">0.05</d:BC_2MONTH>
<d:BC_3MONTH m:type="Edm.Double">0.10</d:BC_3MONTH>
<d:BC_6MONTH m:type="Edm.Double">0.23</d:BC_6MONTH>
<d:BC_1YEAR m:type="Edm.Double">0.45</d:BC_1YEAR>
<d:BC_2YEAR m:type="Edm.Double">0.88</d:BC_2YEAR>
<d:BC_3YEAR m:type="Edm.Double">1.15</d:BC_3YEAR>
<d:BC_5YEAR m:type="Edm.Double">1.47</d:BC_5YEAR>
<d:BC_7YEAR m:type="Edm.Double">1.66</d:BC_7YEAR>
<d:BC_10YEAR m:type="Edm.Double">1.73</d:BC_10YEAR>
<d:BC_20YEAR m:type="Edm.Double">2.12</d:BC_20YEAR>
<d:BC_30YEAR m:type="Edm.Double">2.09</d:BC_30YEAR>
<d:BC_30YEARDISPLAY m:type="Edm.Double">2.09</d:BC_30YEARDISPLAY>
</m:properties>
</content>
</entry>
<entry>
<id>https://home.treasury.gov/resource-center/data-chart-center/interest-rates/pages/xml-item?data=&amp;id=8014</id>
<title type="text"></title>
<updated>2022-03-12T00:04:02Z</updated>
<author><name /></author>
<link rel="edit" title="" href="/resource-center/data-chart-center/interest-rates/pages/xml-item?data=&amp;id=8014" />
<category term="TreasuryDataWarehouseModel." scheme="http://schemas.microsoft.com/ado/2007/08/dataservices/scheme" />
<content type="application/xml">
<m:properties>
<d:Id m:type="Edm.Int32">8014</d:Id>
<d:NEW_DATE m:type="Edm.DateTime">2022-01-07T00:00:00</d:NEW_DATE>
<d:BC_1MONTH m:type="Edm.Double">0.05</d:BC_1MONTH>
<d:BC_2MONTH m:type="Edm.Double">0.05</d:BC_2MONTH>
<d:BC_3MONTH m:type="Edm.Double">0.10</d:BC_3MONTH>
<d:BC_6MONTH m:type="Edm.Double">0.24</d:BC_6MONTH>
<d:BC_1YEAR m:type="Edm.Double">0.43</d:BC_1YEAR>
<d:BC_2YEAR m:type="Edm.Double">0.87</d:BC_2YEAR>
<d:BC_3YEAR m:type="Edm.Double">1.17</d:BC_3YEAR>
<d:BC_5YEAR m:type="Edm.Double">1.50</d:BC_5YEAR>
<d:BC_7YEAR m:type="Edm.Double">1.69</d:BC_7YEAR>
<d:BC_10YEAR m:type="Edm.Double">1.76</d:BC_10YEAR>
<d:BC_20YEAR m:type="Edm.Double">2.15</d:BC_20YEAR>
<d:BC_30YEAR m:type="Edm.Double">2.11</d:BC_30YEAR>
<d:BC_30YEARDISPLAY m:type="Edm.Double">2.11</d:BC_30YEARDISPLAY>
</m:properties>
</content>
</entry>
<entry>
<id>https://home.treasury.gov/resource-center/data-chart-center/interest-rates/pages/xml-item?data=&amp;id=8015</id>
<title type="text"></title>
<updated>2022-03-12T00:04:02Z</updated>
<author><name /></author>
<link rel="edit" title="" href="/resource-center/data-chart-center/interest-rates/pages/xml-item?data=&amp;id=8015" />
<category term="TreasuryDataWarehouseModel." scheme="http://schemas.microsoft.com/ado/2007/08/dataservices/scheme" />
<content type="application/xml">
<m:properties>
<d:Id m:type="Edm.Int32">8015</d:Id>
<d:NEW_DATE m:type="Edm.DateTime">2022-01-10T00:00:00</d:NEW_DATE>
<d:BC_1MONTH m:type="Edm.Double">0.05</d:BC_1MONTH>
<d:BC_2MONTH m:type="Edm.Double">0.06</d:BC_2MONTH>
<d:BC_3MONTH m:type="Edm.Double">0.13</d:BC_3MONTH>
<d:BC_6MONTH m:type="Edm.Double">0.28</d:BC_6MONTH>
<d:BC_1YEAR m:type="Edm.Double">0.46</d:BC_1YEAR>
<d:BC_2YEAR m:type="Edm.Double">0.92</d:BC_2YEAR>
<d:BC_3YEAR m:type="Edm.Double">1.21</d:BC_3YEAR>
<d:BC_5YEAR m:type="Edm.Double">1.53</d:BC_5YEAR>
<d:BC_7YEAR m:type="Edm.Double">1.71</d:BC_7YEAR>
<d:BC_10YEAR m:type="Edm.Double">1.78</d:BC_10YEAR>
<d:BC_20YEAR m:type="Edm.Double">2.15</d:BC_20YEAR>
<d:BC_30YEAR m:type="Edm.Double">2.11</d:BC_30YEAR>
<d:BC_30YEARDISPLAY m:type="Edm.Double">2.11</d:BC_30YEARDISPLAY>
</m:properties>
</content>
</entry>
<entry>
<id>https://home.treasury.gov/resource-center/data-chart-center/interest-rates/pages/xml-item?data=&amp;id=8016</id>
<title type="text"></title>
<updated>2022-03-12T00:04:02Z</updated>
<author><name /></author>
<link rel="edit" title="" href="/resource-center/data-chart-center/interest-rates/pages/xml-item?data=&amp;id=8016" />
<category term="TreasuryDataWarehouseModel." scheme="http://schemas.microsoft.com/ado/2007/08/dataservices/scheme" />
<content type="application/xml">
<m:properties>
<d:Id m:type="Edm.Int32">8016</d:Id>
<d:NEW_DATE m:type="Edm.DateTime">2022-01-11T00:00:00</d:NEW_DATE>
<d:BC_1MONTH m:type="Edm.Double">0.04</d:BC_1MONTH>
<d:BC_2MONTH m:type="Edm.Double">0.05</d:BC_2MONTH>
<d:BC_3MONTH m:type="Edm.Double">0.11</d:BC_3MONTH>
<d:BC_6MONTH m:type="Edm.Double">0.28</d:BC_6MONTH>
<d:BC_1YEAR m:type="Edm.Double">0.46</d:BC_1YEAR>
<d:BC_2YEAR m:type="Edm.Double">0.90</d:BC_2YEAR>
<d:BC_3YEAR m:type="Edm.Double">1.22</d:BC_3YEAR>
<d:BC_5YEAR m:type="Edm.Double">1.51</d:BC_5YEAR>
<d:BC_7YEAR m:type="Edm.Double">1.69</d:BC_7YEAR>
<d:BC_10YEAR m:type="Edm.Double">1.75</d:BC_10YEAR>
<d:BC_20YEAR m:type="Edm.Double">2.13</d:BC_20YEAR>
<d:BC_30YEAR m:type="Edm.Double">2.08</d:BC_30YEAR>
<d:BC_30YEARDISPLAY m:type="Edm.Double">2.08</d:BC_30YEARDISPLAY>
</m:properties>
</content>
</entry>
<entry>
<id>https://home.treasury.gov/resource-center/data-chart-center/interest-rates/pages/xml-item?data=&amp;id=8017</id>
<title type="text"></title>
<updated>2022-03-12T00:04:02Z</updated>
<author><name /></author>
<link rel="edit" title="" href="/resource-center/data-chart-center/interest-rates/pages/xml-item?data=&amp;id=8017" />
<category term="TreasuryDataWarehouseModel." scheme="http://schemas.microsoft.com/ado/2007/08/dataservices/scheme" />
<content type="application/xml">
<m:properties>
<d:Id m:type="Edm.Int32">8017</d:Id>
<d:NEW_DATE m:type="Edm.DateTime">2022-01-12T00:00:00</d:NEW_DATE>
<d:BC_1MONTH m:type="Edm.Double">0.04</d:BC_1MONTH>
<d:BC_2MONTH m:type="Edm.Double">0.06</d:BC_2MONTH>
<d:BC_3MONTH m:type="Edm.Double">0.12</d:BC_3MONTH>
<d:BC_6MONTH m:type="Edm.Double">0.27</d:BC_6MONTH>
<d:BC_1YEAR m:type="Edm.Double">0.48</d:BC_1YEAR>
<d:BC_2YEAR m:type="Edm.Double">0.92</d:BC_2YEAR>
<d:BC_3YEAR m:type="Edm.Double">1.21</d:BC_3YEAR>
<d:BC_5YEAR m:type="Edm.Double">1.50</d:BC_5YEAR>
<d:BC_7YEAR m:type="Edm.Double">1.67</d:BC_7YEAR>
<d:BC_10YEAR m:type="Edm.Double">1.74</d:BC_10YEAR>
<d:BC_20YEAR m:type="Edm.Double">2.13</d:BC_20YEAR>
<d:BC_30YEAR m:type="Edm.Double">2.08</d:BC_30YEAR>
<d:BC_30YEARDISPLAY m:type="Edm.Double">2.08</d:BC_30YEARDISPLAY>
</m:properties>
</content>
</entry>
<entry>
<id>https://home.treasury.gov/resource-center/data-chart-center/interest-rates/pages/xml-item?data=&amp;id=8018</id>
<title type="text"></title>
<updated>2022-03-12T00:04:02Z</updated>
<author><name /></author>
<link rel="edit" title="" href="/resource-center/data-chart-center/interest-rates/pages/xml-item?data=&amp;id=8018" />
<category term="TreasuryDataWarehouseModel." scheme="http://schemas.microsoft.com/ado/2007/08/dataservices/scheme" />
<content type="application/xml">
<m:properties>
<d:Id m:type="Edm.Int32">8018</d:Id>
<d:NEW_DATE m:type="Edm.DateTime">2022-01-13T00:00:00</d:NEW_DATE>
<d:BC_1MONTH m:type="Edm.Double">0.05</d:BC_1MONTH>
<d:BC_2MONTH m:type="Edm.Double">0.05</d:BC_2MONTH>
<d:BC_3MONTH m:type="Edm.Double">0.12</d:BC_3MONTH>
<d:BC_6MONTH m:type="Edm.Double">0.28</d:BC_6MONTH>
<d:BC_1YEAR m:type="Edm.Double">0.47</d:BC_1YEAR>
<d:BC_2YEAR m:type="Edm.Double">0.91</d:BC_2YEAR>
<d:BC_3YEAR m:type="Edm.Double">1.18</d:BC_3YEAR>
<d:BC_5YEAR m:type="Edm.Double">1.47</d:BC_5YEAR>
<d:BC_7YEAR m:type="Edm.Double">1.64</d:BC_7YEAR>
<d:BC_10YEAR m:type="Edm.Double">1.70</d:BC_10YEAR>
<d:BC_20YEAR m:type="Edm.Double">2.10</d:BC_20YEAR>
<d:BC_30YEAR m:type="Edm.Double">2.05</d:BC_30YEAR>
<d:BC_30YEARDISPLAY m:type="Edm.Double">2.05</d:BC_30YEARDISPLAY>
</m:properties>
</content>
</entry>
<entry>
<id>https://home.treasury.gov/resource-center/data-chart-center/interest-rates/pages/xml-item?data=&amp;id=8019</id>
<title type="text"></title>
<updated>2022-03-12T00:04:02Z</updated>
<author><name /></author>
<link rel="edit" title="" href="/resource-center/data-chart-center/interest-rates/pages/xml-item?data=&amp;id=8019" />
<category term="TreasuryDataWarehouseModel." scheme="http://schemas.microsoft.com/ado/2007/08/dataservices/scheme" />
<content type="application/xml">
<m:properties>
<d:Id m:type="Edm.Int32">8019</d:Id>
<d:NEW_DATE m:type="Edm.DateTime">2022-01-14T00:00:00</d:NEW_DATE>
<d:BC_1MONTH m:type="Edm.Double">0.05</d:BC_1MONTH>
<d:BC_2MONTH m:type="Edm.Double">0.05</d:BC_2MONTH>
<d:BC_3MONTH m:type="Edm.Double">0.13</d:BC_3MONTH>
<d:BC_6MONTH m:type="Edm.Double">0.30</d:BC_6MONTH>
<d:BC_1YEAR m:type="Edm.Double">0.51</d:BC_1YEAR>
<d:BC_2YEAR m:type="Edm.Double">0.99</d:BC_2YEAR>
<d:BC_3YEAR m:type="Edm.Double">1.26</d:BC_3YEAR>
<d:BC_5YEAR m:type="Edm.Double">1.55</d:BC_5YEAR>
<d:BC_7YEAR m:type="Edm.Double">1.72</d:BC_7YEAR>
<d:BC_10YEAR m:type="Edm.Double">1.78</d:BC_10YEAR>
<d:BC_20YEAR m:type="Edm.Double">2.18</d:BC_20YEAR>
<d:BC_30YEAR m:type="Edm.Double">2.12</d:BC_30YEAR>
<d:BC_30YEARDISPLAY m:type="Edm.Double">2.12</d:BC_30YEARDISPLAY>
</m:properties>
</content>
</entry>
<entry>
<id>https://home.treasury.gov/resource-center/data-chart-center/interest-rates/pages/xml-item?data=&amp;id=8020</id>
<title type="text"></title>
<updated>2022-03-12T00:04:02Z</updated>
<author><name /></author>
<link rel="edit" title="" href="/resource-center/data-chart-center/interest-rates/pages/xml-item?data=&amp;id=8020" />
<category term="TreasuryDataWarehouseModel." scheme="http://schemas.microsoft.com/ado/2007/08/dataservices/scheme" />
<content type="application/xml">
<m:properties>
<d:Id m:type="Edm.Int32">8020</d:Id>
<d:NEW_DATE m:type="Edm.DateTime">2022-01-18T00:00:00</d:NEW_DATE>
<d:BC_1MONTH m:type="Edm.Double">0.05</d:BC_1MONTH>
<d:BC_2MONTH m:type="Edm.Double">0.06</d:BC_2MONTH>
<d:BC_3MONTH m:type="Edm.Double">0.16</d:BC_3MONTH>
<d:BC_6MONTH m:type="Edm.Double">0.37</d:BC_6MONTH>
<d:BC_1YEAR m:type="Edm.Double">0.58</d:BC_1YEAR>
<d:BC_2YEAR m:type="Edm.Double">1.06</d:BC_2YEAR>
<d:BC_3YEAR m:type="Edm.Double">1.35</d:BC_3YEAR>
<d:BC_5YEAR m:type="Edm.Double">1.65</d:BC_5YEAR>
<d:BC_7YEAR m:type="Edm.Double">1.82</d:BC_7YEAR>
<d:BC_10YEAR m:type="Edm.Double">1.87</d:BC_10YEAR>
<d:BC_20YEAR m:type="Edm.Double">2.24</d:BC_20YEAR>
<d:BC_30YEAR m:type="Edm.Double">2.18</d:BC_30YEAR>
<d:BC_30YEARDISPLAY m:type="Edm.Double">2.18</d:BC_30YEARDISPLAY>
</m:properties>
</content>
</entry>
<entry>
<id>https://home.treasury.gov/resource-center/data-chart-center/interest-rates/pages/xml-item?data=&amp;id=8021</id>
<title type="text"></title>
<updated>2022-03-12T00:04:02Z</updated>
<author><name /></author>
<link rel="edit" title="" href="/resource-center/data-chart-center/interest-rates/pages/xml-item?data=&amp;id=8021" />
<category term="TreasuryDataWarehouseModel." scheme="http://schemas.microsoft.com/ado/2007/08/dataservices/scheme" />
<content type="application/xml">
<m:properties>
<d:Id m:type="Edm.Int32">8021</d:Id>
<d:NEW_DATE m:type="Edm.DateTime">2022-01-19T00:00:00</d:NEW_DATE>
<d:BC_1MONTH m:type="Edm.Double">0.05</d:BC_1MONTH>
<d:BC_2MONTH m:type="Edm.Double">0.06</d:BC_2MONTH>
<d:BC_3MONTH m:type="Edm.Double">0.17</d:BC_3MONTH>
<d:BC_6MONTH m:type="Edm.Double">0.36</d:BC_6MONTH>
<d:BC_1YEAR m:type="Edm.Double">0.57</d:BC_1YEAR>
<d:BC_2YEAR m:type="Edm.Double">1.04</d:BC_2YEAR>
<d:BC_3YEAR m:type="Edm.Double">1.33</d:BC_3YEAR>
<d:BC_5YEAR m:type="Edm.Double">1.62</d:BC_5YEAR>
<d:BC_7YEAR m:type="Edm.Double">1.78</d:BC_7YEAR>
<d:BC_10YEAR m:type="Edm.Double">1.83</d:BC_10YEAR>
<d:BC_20YEAR m:type="Edm.Double">2.20</d:BC_20YEAR>
<d:BC_30YEAR m:type="Edm.Double">2.14</d:BC_30YEAR>
<d:BC_30YEARDISPLAY m:type="Edm.Double">2.14</d:BC_30YEARDISPLAY>
</m:properties>
</content>
</entry>
<entry>
<id>https://home.treasury.gov/resource-center/data-chart-center/interest-rates/pages/xml-item?data=&amp;id=8022</id>
<title type="text"></title>
<updated>2022-03-12T00:04:02Z</updated>
<author><name /></author>
<link rel="edit" title="" href="/resource-center/data-chart-center/interest-rates/pages/xml-item?data=&amp;id=8022" />
<category term="TreasuryDataWarehouseModel." scheme="http://schemas.microsoft.com/ado/2007/08/dataservices/scheme" />
<content type="application/xml">
<m:properties>
<d:Id m:type="Edm.Int32">8022</d:Id>
<d:NEW_DATE m:type="Edm.DateTime">2022-01-20T00:00:00</d:NEW_DATE>
<d:BC_1MONTH m:type="Edm.Double">0.05</d:BC_1MONTH>
<d:BC_2MONTH m:type="Edm.Double">0.09</d:BC_2MONTH>
<d:BC_3MONTH m:type="Edm.Double">0.17</d:BC_3MONTH>
<d:BC_6MONTH m:type="Edm.Double">0.36</d:BC_6MONTH>
<d:BC_1YEAR m:type="Edm.Double">0.60</d:BC_1YEAR>
<d:BC_2YEAR m:type="Edm.Double">1.08</d:BC_2YEAR>
<d:BC_3YEAR m:type="Edm.Double">1.34</d:BC_3YEAR>
<d:BC_5YEAR m:type="Edm.Double">1.62</d:BC_5YEAR>
<d:BC_7YEAR m:type="Edm.Double">1.77</d:BC_7YEAR>
<d:BC_10YEAR m:type="Edm.Double">1.83</d:BC_10YEAR>
<d:BC_20YEAR m:type="Edm.Double">2.19</d:BC_20YEAR>
<d:BC_30YEAR m:type="Edm.Double">2.14</d:BC_30YEAR>
<d:BC_30YEARDISPLAY m:type="Edm.Double">2.14</d:BC_30YEARDISPLAY>
</m:properties>
</content>
</entry>
<entry>
<id>https://home.treasury.gov/resource-center/data-chart-center/interest-rates/pages/xml-item?data=&amp;id=8023</id>
<title type="text"></title>
<updated>2022-03-12T00:04:02Z</updated>
<author><name /></author>
<link rel="edit" title="" href="/resource-center/data-chart-center/interest-rates/pages/xml-item?data=&amp;id=8023" />
<category term="TreasuryDataWarehouseModel." scheme="http://schemas.microsoft.com/ado/2007/08/dataservices/scheme" />
<content type="application/xml">
<m:properties>
<d:Id m:type="Edm.Int32">8023</d:Id>
<d:NEW_DATE m:type="Edm.DateTime">2022-01-21T00:00:00</d:NEW_DATE>
<d:BC_1MONTH m:type="Edm.Double">0.05</d:BC_1MONTH>
<d:BC_2MONTH m:type="Edm.Double">0.08</d:BC_2MONTH>
<d:BC_3MONTH m:type="Edm.Double">0.17</d:BC_3MONTH>
<d:BC_6MONTH m:type="Edm.Double">0.35</d:BC_6MONTH>
<d:BC_1YEAR m:type="Edm.Double">0.58</d:BC_1YEAR>
<d:BC_2YEAR m:type="Edm.Double">1.01</d:BC_2YEAR>
<d:BC_3YEAR m:type="Edm.Double">1.28</d:BC_3YEAR>
<d:BC_5YEAR m:type="Edm.Double">1.54</d:BC_5YEAR>
<d:BC_7YEAR m:type="Edm.Double">1.70</d:BC_7YEAR>
<d:BC_10YEAR m:type="Edm.Double">1.75</d:BC_10YEAR>
<d:BC_20YEAR m:type="Edm.Double">2.13</d:BC_20YEAR>
<d:BC_30YEAR m:type="Edm.Double">2.07</d:BC_30YEAR>
<d:BC_30YEARDISPLAY m:type="Edm.Double">2.07</d:BC_30YEARDISPLAY>
</m:properties>
</content>
</entry>
<entry>
<id>https://home.treasury.gov/resource-center/data-chart-center/interest-rates/pages/xml-item?data=&amp;id=8024</id>
<title type="text"></title>
<updated>2022-03-12T00:04:02Z</updated>
<author><name /></author>
<link rel="edit" title="" href="/resource-center/data-chart-center/interest-rates/pages/xml-item?data=&amp;id=8024" />
<category term="TreasuryDataWarehouseModel." scheme="http://schemas.microsoft.com/ado/2007/08/dataservices/scheme" />
<content type="application/xml">
<m:properties>
<d:Id m:type="Edm.Int32">8024</d:Id>
<d:NEW_DATE m:type="Edm.DateTime">2022-01-24T00:00:00</d:NEW_DATE>
<d:BC_1MONTH m:type="Edm.Double">0.05</d:BC_1MONTH>
<d:BC_2MONTH m:type="Edm.Double">0.09</d:BC_2MONTH>
<d:BC_3MONTH m:type="Edm.Double">0.19</d:BC_3MONTH>
<d:BC_6MONTH m:type="Edm.Double">0.39</d:BC_6MONTH>
<d:BC_1YEAR m:type="Edm.Double">0.58</d:BC_1YEAR>
<d:BC_2YEAR m:type="Edm.Double">0.99</d:BC_2YEAR>
<d:BC_3YEAR m:type="Edm.Double">1.25</d:BC_3YEAR>
<d:BC_5YEAR m:type="Edm.Double">1.53</d:BC_5YEAR>
<d:BC_7YEAR m:type="Edm.Double">1.69</d:BC_7YEAR>
<d:BC_10YEAR m:type="Edm.Double">1.75</d:BC_10YEAR>
<d:BC_20YEAR m:type="Edm.Double">2.15</d:BC_20YEAR>
<d:BC_30YEAR m:type="Edm.Double">2.10</d:BC_30YEAR>
<d:BC_30YEARDISPLAY m:type="Edm.Double">2.10</d:BC_30YEARDISPLAY>
</m:properties>
</content>
</entry>
<entry>
<id>https://home.treasury.gov/resource-center/data-chart-center/interest-rates/pages/xml-item?data=&amp;id=8025</id>
<title type="text"></title>
<updated>2022-03-12T00:04:02Z</updated>
<author><name /></author>
<link rel="edit" title="" href="/resource-center/data-chart-center/interest-rates/pages/xml-item?data=&amp;id=8025" />
<category term="TreasuryDataWarehouseModel." scheme="http://schemas.microsoft.com/ado/2007/08/dataservices/scheme" />
<content type="application/xml">
<m:properties>
<d:Id m:type="Edm.Int32">8025</d:Id>
<d:NEW_DATE m:type="Edm.DateTime">2022-01-25T00:00:00</d:NEW_DATE>
<d:BC_1MONTH m:type="Edm.Double">0.05</d:BC_1MONTH>
<d:BC_2MONTH m:type="Edm.Double">0.09</d:BC_2MONTH>
<d:BC_3MONTH m:type="Edm.Double">0.19</d:BC_3MONTH>
<d:BC_6MONTH m:type="Edm.Double">0.39</d:BC_6MONTH>
<d:BC_1YEAR m:type="Edm.Double">0.65</d:BC_1YEAR>
<d:BC_2YEAR m:type="Edm.Double">1.02</d:BC_2YEAR>
<d:BC_3YEAR m:type="Edm.Double">1.28</d:BC_3YEAR>
<d:BC_5YEAR m:type="Edm.Double">1.56</d:BC_5YEAR>
<d:BC_7YEAR m:type="Edm.Double">1.73</d:BC_7YEAR>
<d:BC_10YEAR m:type="Edm.Double">1.78</d:BC_10YEAR>
<d:BC_20YEAR m:type="Edm.Double">2.18</d:BC_20YEAR>
<d:BC_30YEAR m:type="Edm.Double">2.12</d:BC_30YEAR>
<d:BC_30YEARDISPLAY m:type="Edm.Double">2.12</d:BC_30YEARDISPLAY>
</m:properties>
</content>
</entry>
<entry>
<id>https://home.treasury.gov/resource-center/data-chart-center/interest-rates/pages/xml-item?data=&amp;id=8026</id>
<title type="text"></title>
<updated>2022-03-12T00:04:02Z</updated>
<author><name /></author>
<link rel="edit" title="" href="/resource-center/data-chart-center/interest-rates/pages/xml-item?data=&amp;id=8026" />
<category term="TreasuryDataWarehouseModel." scheme="http://schemas.microsoft.com/ado/2007/08/dataservices/scheme" />
<content type="application/xml">
<m:properties>
<d:Id m:type="Edm.Int32">8026</d:Id>
<d:NEW_DATE m:type="Edm.DateTime">2022-01-26T00:00:00</d:NEW_DATE>
<d:BC_1MONTH m:type="Edm.Double">0.06</d:BC_1MONTH>
<d:BC_2MONTH m:type="Edm.Double">0.11</d:BC_2MONTH>
<d:BC_3MONTH m:type="Edm.Double">0.19</d:BC_3MONTH>
<d:BC_6MONTH m:type="Edm.Double">0.40</d:BC_6MONTH>
<d:BC_1YEAR m:type="Edm.Double">0.70</d:BC_1YEAR>
<d:BC_2YEAR m:type="Edm.Double">1.13</d:BC_2YEAR>
<d:BC_3YEAR m:type="Edm.Double">1.39</d:BC_3YEAR>
<d:BC_5YEAR m:type="Edm.Double">1.66</d:BC_5YEAR>
<d:BC_7YEAR m:type="Edm.Double">1.81</d:BC_7YEAR>
<d:BC_10YEAR m:type="Edm.Double">1.85</d:BC_10YEAR>
<d:BC_20YEAR m:type="Edm.Double">2.22</d:BC_20YEAR>
<d:BC_30YEAR m:type="Edm.Double">2.16</d:BC_30YEAR>
<d:BC_30YEARDISPLAY m:type="Edm.Double">2.16</d:BC_30YEARDISPLAY>
</m:properties>
</content>
</entry>
<entry>
<id>https://home.treasury.gov/resource-center/data-chart-center/interest-rates/pages/xml-item?data=&amp;id=8027</id>
<title type="text"></title>
<updated>2022-03-12T00:04:02Z</updated>
<author><name /></author>
<link rel="edit" title="" href="/resource-center/data-chart-center/interest-rates/pages/xml-item?data=&amp;id=8027" />
<category term="TreasuryDataWarehouseModel." scheme="http://schemas.microsoft.com/ado/2007/08/dataservices/scheme" />
<content type="application/xml">
<m:properties>
<d:Id m:type="Edm.Int32">8027</d:Id>
<d:NEW_DATE m:type="Edm.DateTime">2022-01-27T00:00:00</d:NEW_DATE>
<d:BC_1MONTH m:type="Edm.Double">0.04</d:BC_1MONTH>
<d:BC_2MONTH m:type="Edm.Double">0.14</d:BC_2MONTH>
<d:BC_3MONTH m:type="Edm.Double">0.20</d:BC_3MONTH>
<d:BC_6MONTH m:type="Edm.Double">0.43</d:BC_6MONTH>
<d:BC_1YEAR m:type="Edm.Double">0.75</d:BC_1YEAR>
<d:BC_2YEAR m:type="Edm.Double">1.18</d:BC_2YEAR>
<d:BC_3YEAR m:type="Edm.Double">1.43</d:BC_3YEAR>
<d:BC_5YEAR m:type="Edm.Double">1.66</d:BC_5YEAR>
<d:BC_7YEAR m:type="Edm.Double">1.78</d:BC_7YEAR>
<d:BC_10YEAR m:type="Edm.Double">1.81</d:BC_10YEAR>
<d:BC_20YEAR m:type="Edm.Double">2.17</d:BC_20YEAR>
<d:BC_30YEAR m:type="Edm.Double">2.09</d:BC_30YEAR>
<d:BC_30YEARDISPLAY m:type="Edm.Double">2.09</d:BC_30YEARDISPLAY>
</m:properties>
</content>
</entry>
<entry>
<id>https://home.treasury.gov/resource-center/data-chart-center/interest-rates/pages/xml-item?data=&amp;id=8028</id>
<title type="text"></title>
<updated>2022-03-12T00:04:02Z</updated>
<author><name /></author>
<link rel="edit" title="" href="/resource-center/data-chart-center/interest-rates/pages/xml-item?data=&amp;id=8028" />
<category term="TreasuryDataWarehouseModel." scheme="http://schemas.microsoft.com/ado/2007/08/dataservices/scheme" />
<content type="application/xml">
<m:properties>
<d:Id m:type="Edm.Int32">8028</d:Id>
<d:NEW_DATE m:type="Edm.DateTime">2022-01-28T00:00:00</d:NEW_DATE>
<d:BC_1MONTH m:type="Edm.Double">0.04</d:BC_1MONTH>
<d:BC_2MONTH m:type="Edm.Double">0.10</d:BC_2MONTH>
<d:BC_3MONTH m:type="Edm.Double">0.19</d:BC_3MONTH>
<d:BC_6MONTH m:type="Edm.Double">0.43</d:BC_6MONTH>
<d:BC_1YEAR m:type="Edm.Double">0.75</d:BC_1YEAR>
<d:BC_2YEAR m:type="Edm.Double">1.15</d:BC_2YEAR>
<d:BC_3YEAR m:type="Edm.Double">1.38</d:BC_3YEAR>
<d:BC_5YEAR m:type="Edm.Double">1.61</d:BC_5YEAR>
<d:BC_7YEAR m:type="Edm.Double">1.74</d:BC_7YEAR>
<d:BC_10YEAR m:type="Edm.Double">1.78</d:BC_10YEAR>
<d:BC_20YEAR m:type="Edm.Double">2.14</d:BC_20YEAR>
<d:BC_30YEAR m:type="Edm.Double">2.07</d:BC_30YEAR>
<d:BC_30YEARDISPLAY m:type="Edm.Double">2.07</d:BC_30YEARDISPLAY>
</m:properties>
</content>
</entry>
<entry>
<id>https://home.treasury.gov/resource-center/data-chart-center/interest-rates/pages/xml-item?data=&amp;id=8029</id>
<title type="text"></title>
<updated>2022-03-12T00:04:02Z</updated>
<author><name /></author>
<link rel="edit" title="" href="/resource-center/data-chart-center/interest-rates/pages/xml-item?data=&amp;id=8029" />
<category term="TreasuryDataWarehouseModel." scheme="http://schemas.microsoft.com/ado/2007/08/dataservices/scheme" />
<content type="application/xml">
<m:properties>
<d:Id m:type="Edm.Int32">8029</d:Id>
<d:NEW_DATE m:type="Edm.DateTime">2022-01-31T00:00:00</d:NEW_DATE>
<d:BC_1MONTH m:type="Edm.Double">0.03</d:BC_1MONTH>
<d:BC_2MONTH m:type="Edm.Double">0.13</d:BC_2MONTH>
<d:BC_3MONTH m:type="Edm.Double">0.22</d:BC_3MONTH>
<d:BC_6MONTH m:type="Edm.Double">0.49</d:BC_6MONTH>
<d:BC_1YEAR m:type="Edm.Double">0.78</d:BC_1YEAR>
<d:BC_2YEAR m:type="Edm.Double">1.18</d:BC_2YEAR>
<d:BC_3YEAR m:type="Edm.Double">1.39</d:BC_3YEAR>
<d:BC_5YEAR m:type="Edm.Double">1.62</d:BC_5YEAR>
<d:BC_7YEAR m:type="Edm.Double">1.75</d:BC_7YEAR>
<d:BC_10YEAR m:type="Edm.Double">1.79</d:BC_10YEAR>
<d:BC_20YEAR m:type="Edm.Double">2.17</d:BC_20YEAR>
<d:BC_30YEAR m:type="Edm.Double">2.11</d:BC_30YEAR>
<d:BC_30YEARDISPLAY m:type="Edm.Double">2.11</d:BC_30YEARDISPLAY>
</m:properties>
</content>
</entry>
<entry>
<id>https://home.treasury.gov/resource-center/data-chart-center/interest-rates/pages/xml-item?data=&amp;id=8030</id>
<title type="text"></title>
<updated>2022-03-12T00:04:02Z</updated>
<author><name /></author>
<link rel="edit" title="" href="/resource-center/data-chart-center/interest-rates/pages/xml-item?data=&amp;id=8030" />
<category term="TreasuryDataWarehouseModel." scheme="http://schemas.microsoft.com/ado/2007/08/dataservices/scheme" />
<content type="application/xml">
<m:properties>
<d:Id m:type="Edm.Int32">8030</d:Id>
<d:NEW_DATE m:type="Edm.DateTime">2022-02-01T00:00:00</d:NEW_DATE>
<d:BC_1MONTH m:type="Edm.Double">0.04</d:BC_1MONTH>
<d:BC_2MONTH m:type="Edm.Double">0.10</d:BC_2MONTH>
<d:BC_3MONTH m:type="Edm.Double">0.19</d:BC_3MONTH>
<d:BC_6MONTH m:type="Edm.Double">0.48</d:BC_6MONTH>
<d:BC_1YEAR m:type="Edm.Double">0.78</d:BC_1YEAR>
<d:BC_2YEAR m:type="Edm.Double">1.18</d:BC_2YEAR>
<d:BC_3YEAR m:type="Edm.Double">1.39</d:BC_3YEAR>
<d:BC_5YEAR m:type="Edm.Double">1.63</d:BC_5YEAR>
<d:BC_7YEAR m:type="Edm.Double">1.76</d:BC_7YEAR>
<d:BC_10YEAR m:type="Edm.Double">1.81</d:BC_10YEAR>
<d:BC_20YEAR m:type="Edm.Double">2.19</d:BC_20YEAR>
<d:BC_30YEAR m:type="Edm.Double">2.12</d:BC_30YEAR>
<d:BC_30YEARDISPLAY m:type="Edm.Double">2.12</d:BC_30YEARDISPLAY>
</m:properties>
</content>
</entry>
<entry>
<id>https://home.treasury.gov/resource-center/data-chart-center/interest-rates/pages/xml-item?data=&amp;id=8031</id>
<title type="text"></title>
<updated>2022-03-12T00:04:02Z</updated>
<author><name /></author>
<link rel="edit" title="" href="/resource-center/data-chart-center/interest-rates/pages/xml-item?data=&amp;id=8031" />
<category term="TreasuryDataWarehouseModel." scheme="http://schemas.microsoft.com/ado/2007/08/dataservices/scheme" />
<content type="application/xml">
<m:properties>
<d:Id m:type="Edm.Int32">8031</d:Id>
<d:NEW_DATE m:type="Edm.DateTime">2022-02-02T00:00:00</d:NEW_DATE>
<d:BC_1MONTH m:type="Edm.Double">0.04</d:BC_1MONTH>
<d:BC_2MONTH m:type="Edm.Double">0.10</d:BC_2MONTH>
<d:BC_3MONTH m:type="Edm.Double">0.19</d:BC_3MONTH>
<d:BC_6MONTH m:type="Edm.Double">0.45</d:BC_6MONTH>
<d:BC_1YEAR m:type="Edm.Double">0.76</d:BC_1YEAR>
<d:BC_2YEAR m:type="Edm.Double">1.16</d:BC_2YEAR>
<d:BC_3YEAR m:type="Edm.Double">1.38</d:BC_3YEAR>
<d:BC_5YEAR m:type="Edm.Double">1.60</d:BC_5YEAR>
<d:BC_7YEAR m:type="Edm.Double">1.74</d:BC_7YEAR>
<d:BC_10YEAR m:type="Edm.Double">1.78</d:BC_10YEAR>
<d:BC_20YEAR m:type="Edm.Double">2.17</d:BC_20YEAR>
<d:BC_30YEAR m:type="Edm.Double">2.11</d:BC_30YEAR>
<d:BC_30YEARDISPLAY m:type="Edm.Double">2.11</d:BC_30YEARDISPLAY>
</m:properties>
</content>
</entry>
<entry>
<id>https://home.treasury.gov/resource-center/data-chart-center/interest-rates/pages/xml-item?data=&amp;id=8032</id>
<title type="text"></title>
<updated>2022-03-12T00:04:02Z</updated>
<author><name /></author>
<link rel="edit" title="" href="/resource-center/data-chart-center/interest-rates/pages/xml-item?data=&amp;id=8032" />
<category term="TreasuryDataWarehouseModel." scheme="http://schemas.microsoft.com/ado/2007/08/dataservices/scheme" />
<content type="application/xml">
<m:properties>
<d:Id m:type="Edm.Int32">8032</d:Id>
<d:NEW_DATE m:type="Edm.DateTime">2022-02-03T00:00:00</d:NEW_DATE>
<d:BC_1MONTH m:type="Edm.Double">0.03</d:BC_1MONTH>
<d:BC_2MONTH m:type="Edm.Double">0.15</d:BC_2MONTH>
<d:BC_3MONTH m:type="Edm.Double">0.20</d:BC_3MONTH>
<d:BC_6MONTH m:type="Edm.Double">0.48</d:BC_6MONTH>
<d:BC_1YEAR m:type="Edm.Double">0.78</d:BC_1YEAR>
<d:BC_2YEAR m:type="Edm.Double">1.19</d:BC_2YEAR>
<d:BC_3YEAR m:type="Edm.Double">1.42</d:BC_3YEAR>
<d:BC_5YEAR m:type="Edm.Double">1.66</d:BC_5YEAR>
<d:BC_7YEAR m:type="Edm.Double">1.78</d:BC_7YEAR>
<d:BC_10YEAR m:type="Edm.Double">1.82</d:BC_10YEAR>
<d:BC_20YEAR m:type="Edm.Double">2.20</d:BC_20YEAR>
<d:BC_30YEAR m:type="Edm.Double">2.14</d:BC_30YEAR>
<d:BC_30YEARDISPLAY m:type="Edm.Double">2.14</d:BC_30YEARDISPLAY>
</m:properties>
</content>
</entry>
<entry>
<id>https://home.treasury.gov/resource-center/data-chart-center/interest-rates/pages/xml-item?data=&amp;id=8033</id>
<title type="text"></title>
<updated>2022-03-12T00:04:02Z</updated>
<author><name /></author>
<link rel="edit" title="" href="/resource-center/data-chart-center/interest-rates/pages/xml-item?data=&amp;id=8033" />
<category term="TreasuryDataWarehouseModel." scheme="http://schemas.microsoft.com/ado/2007/08/dataservices/scheme" />
<content type="application/xml">
<m:properties>
<d:Id m:type="Edm.Int32">8033</d:Id>
<d:NEW_DATE m:type="Edm.DateTime">2022-02-04T00:00:00</d:NEW_DATE>
<d:BC_1MONTH m:type="Edm.Double">0.05</d:BC_1MONTH>
<d:BC_2MONTH m:type="Edm.Double">0.12</d:BC_2MONTH>
<d:BC_3MONTH m:type="Edm.Double">0.23</d:BC_3MONTH>
<d:BC_6MONTH m:type="Edm.Double">0.56</d:BC_6MONTH>
<d:BC_1YEAR m:type="Edm.Double">0.89</d:BC_1YEAR>
<d:BC_2YEAR m:type="Edm.Double">1.31</d:BC_2YEAR>
<d:BC_3YEAR m:type="Edm.Double">1.55</d:BC_3YEAR>
<d:BC_5YEAR m:type="Edm.Double">1.78</d:BC_5YEAR>
<d:BC_7YEAR m:type="Edm.Double">1.90</d:BC_7YEAR>
<d:BC_10YEAR m:type="Edm.Double">1.93</d:BC_10YEAR>
<d:BC_20YEAR m:type="Edm.Double">2.29</d:BC_20YEAR>
<d:BC_30YEAR m:type="Edm.Double">2.23</d:BC_30YEAR>
<d:BC_30YEARDISPLAY m:type="Edm.Double">2.23</d:BC_30YEARDISPLAY>
</m:properties>
</content>
</entry>
<entry>
<id>https://home.treasury.gov/resource-center/data-chart-center/interest-rates/pages/xml-item?data=&amp;id=8034</id>
<title type="text"></title>
<updated>2022-03-12T00:04:02Z</updated>
<author><name /></author>
<link rel="edit" title="" href="/resource-center/data-chart-center/interest-rates/pages/xml-item?data=&amp;id=8034" />
<category term="TreasuryDataWarehouseModel." scheme="http://schemas.microsoft.com/ado/2007/08/dataservices/scheme" />
<content type="application/xml">
<m:properties>
<d:Id m:type="Edm.Int32">8034</d:Id>
<d:NEW_DATE m:type="Edm.DateTime">2022-02-07T00:00:00</d:NEW_DATE>
<d:BC_1MONTH m:type="Edm.Double">0.03</d:BC_1MONTH>
<d:BC_2MONTH m:type="Edm.Double">0.14</d:BC_2MONTH>
<d:BC_3MONTH m:type="Edm.Double">0.27</d:BC_3MONTH>
<d:BC_6MONTH m:type="Edm.Double">0.58</d:BC_6MONTH>
<d:BC_1YEAR m:type="Edm.Double">0.88</d:BC_1YEAR>
<d:BC_2YEAR m:type="Edm.Double">1.30</d:BC_2YEAR>
<d:BC_3YEAR m:type="Edm.Double">1.54</d:BC_3YEAR>
<d:BC_5YEAR m:type="Edm.Double">1.76</d:BC_5YEAR>
<d:BC_7YEAR m:type="Edm.Double">1.88</d:BC_7YEAR>
<d:BC_10YEAR m:type="Edm.Double">1.92</d:BC_10YEAR>
<d:BC_20YEAR m:type="Edm.Double">2.28</d:BC_20YEAR>
<d:BC_30YEAR m:type="Edm.Double">2.22</d:BC_30YEAR>
<d:BC_30YEARDISPLAY m:type="Edm.Double">2.22</d:BC_30YEARDISPLAY>
</m:properties>
</content>
</entry>
<entry>
<id>https://home.treasury.gov/resource-center/data-chart-center/interest-rates/pages/xml-item?data=&amp;id=8035</id>
<title type="text"></title>
<updated>2022-03-12T00:04:02Z</updated>
<author><name /></author>
<link rel="edit" title="" href="/resource-center/data-chart-center/interest-rates/pages/xml-item?data=&amp;id=8035" />
<category term="TreasuryDataWarehouseModel." scheme="http://schemas.microsoft.com/ado/2007/08/dataservices/scheme" />
<content type="application/xml">
<m:properties>
<d:Id m:type="Edm.Int32">8035</d:Id>
<d:NEW_DATE m:type="Edm.DateTime">2022-02-08T00:00:00</d:NEW_DATE>
<d:BC_1MONTH m:type="Edm.Double">0.03</d:BC_1MONTH>
<d:BC_2MONTH m:type="Edm.Double">0.14</d:BC_2MONTH>
<d:BC_3MONTH m:type="Edm.Double">0.25</d:BC_3MONTH>
<d:BC_6MONTH m:type="Edm.Double">0.59</d:BC_6MONTH>
<d:BC_1YEAR m:type="Edm.Double">0.91</d:BC_1YEAR>
<d:BC_2YEAR m:type="Edm.Double">1.35</d:BC_2YEAR>
<d:BC_3YEAR m:type="Edm.Double">1.59</d:BC_3YEAR>
<d:BC_5YEAR m:type="Edm.Double">1.81</d:BC_5YEAR>
<d:BC_7YEAR m:type="Edm.Double">1.93</d:BC_7YEAR>
<d:BC_10YEAR m:type="Edm.Double">1.96</d:BC_10YEAR>
<d:BC_20YEAR m:type="Edm.Double">2.31</d:BC_20YEAR>
<d:BC_30YEAR m:type="Edm.Double">2.25</d:BC_30YEAR>
<d:BC_30YEARDISPLAY m:type="Edm.Double">2.25</d:BC_30YEARDISPLAY>
</m:properties>
</content>
</entry>
<entry>
<id>https://home.treasury.gov/resource-center/data-chart-center/interest-rates/pages/xml-item?data=&amp;id=8036</id>
<title type="text"></title>
<updated>2022-03-12T00:04:02Z</updated>
<author><name /></author>
<link rel="edit" title="" href="/resource-center/data-chart-center/interest-rates/pages/xml-item?data=&amp;id=8036" />
<category term="TreasuryDataWarehouseModel." scheme="http://schemas.microsoft.com/ado/2007/08/dataservices/scheme" />
<content type="application/xml">
<m:properties>
<d:Id m:type="Edm.Int32">8036</d:Id>
<d:NEW_DATE m:type="Edm.DateTime">2022-02-09T00:00:00</d:NEW_DATE>
<d:BC_1MONTH m:type="Edm.Double">0.04</d:BC_1MONTH>
<d:BC_2MONTH m:type="Edm.Double">0.15</d:BC_2MONTH>
<d:BC_3MONTH m:type="Edm.Double">0.26</d:BC_3MONTH>
<d:BC_6MONTH m:type="Edm.Double">0.57</d:BC_6MONTH>
<d:BC_1YEAR m:type="Edm.Double">0.91</d:BC_1YEAR>
<d:BC_2YEAR m:type="Edm.Double">1.36</d:BC_2YEAR>
<d:BC_3YEAR m:type="Edm.Double">1.61</d:BC_3YEAR>
<d:BC_5YEAR m:type="Edm.Double">1.82</d:BC_5YEAR>
<d:BC_7YEAR m:type="Edm.Double">1.92</d:BC_7YEAR>
<d:BC_10YEAR m:type="Edm.Double">1.94</d:BC_10YEAR>
<d:BC_20YEAR m:type="Edm.Double">2.31</d:BC_20YEAR>
<d:BC_30YEAR m:type="Edm.Double">2.25</d:BC_30YEAR>
<d:BC_30YEARDISPLAY m:type="Edm.Double">2.25</d:BC_30YEARDISPLAY>
</m:properties>
</content>
</entry>
<entry>
<id>https://home.treasury.gov/resource-center/data-chart-center/interest-rates/pages/xml-item?data=&amp;id=8037</id>
<title type="text"></title>
<updated>2022-03-12T00:04:02Z</updated>
<author><name /></author>
<link rel="edit" title="" href="/resource-center/data-chart-center/interest-rates/pages/xml-item?data=&amp;id=8037" />
<category term="TreasuryDataWarehouseModel." scheme="http://schemas.microsoft.com/ado/2007/08/dataservices/scheme" />
<content type="application/xml">
<m:properties>
<d:Id m:type="Edm.Int32">8037</d:Id>
<d:NEW_DATE m:type="Edm.DateTime">2022-02-10T00:00:00</d:NEW_DATE>
<d:BC_1MONTH m:type="Edm.Double">0.05</d:BC_1MONTH>
<d:BC_2MONTH m:type="Edm.Double">0.31</d:BC_2MONTH>
<d:BC_3MONTH m:type="Edm.Double">0.40</d:BC_3MONTH>
<d:BC_6MONTH m:type="Edm.Double">0.74</d:BC_6MONTH>
<d:BC_1YEAR m:type="Edm.Double">1.14</d:BC_1YEAR>
<d:BC_2YEAR m:type="Edm.Double">1.61</d:BC_2YEAR>
<d:BC_3YEAR m:type="Edm.Double">1.82</d:BC_3YEAR>
<d:BC_5YEAR m:type="Edm.Double">1.96</d:BC_5YEAR>
<d:BC_7YEAR m:type="Edm.Double">2.03</d:BC_7YEAR>
<d:BC_10YEAR m:type="Edm.Double">2.03</d:BC_10YEAR>
<d:BC_20YEAR m:type="Edm.Double">2.37</d:BC_20YEAR>
<d:BC_30YEAR m:type="Edm.Double">2.30</d:BC_30YEAR>
<d:BC_30YEARDISPLAY m:type="Edm.Double">2.30</d:BC_30YEARDISPLAY>
</m:properties>
</content>
</entry>
<entry>
<id>https://home.treasury.gov/resource-center/data-chart-center/interest-rates/pages/xml-item?data=&amp;id=8038</id>
<title type="text"></title>
<updated>2022-03-12T00:04:02Z</updated>
<author><name /></author>
<link rel="edit" title="" href="/resource-center/data-chart-center/interest-rates/pages/xml-item?data=&amp;id=8038" />
<category term="TreasuryDataWarehouseModel." scheme="http://schemas.microsoft.com/ado/2007/08/dataservices/scheme" />
<content type="application/xml">
<m:properties>
<d:Id m:type="Edm.Int32">8038</d:Id>
<d:NEW_DATE m:type="Edm.DateTime">2022-02-11T00:00:00</d:NEW_DATE>
<d:BC_1MONTH m:type="Edm.Double">0.03</d:BC_1MONTH>
<d:BC_2MONTH m:type="Edm.Double">0.22</d:BC_2MONTH>
<d:BC_3MONTH m:type="Edm.Double">0.36</d:BC_3MONTH>
<d:BC_6MONTH m:type="Edm.Double">0.71</d:BC_6MONTH>
<d:BC_1YEAR m:type="Edm.Double">1.07</d:BC_1YEAR>
<d:BC_2YEAR m:type="Edm.Double">1.50</d:BC_2YEAR>
<d:BC_3YEAR m:type="Edm.Double">1.71</d:BC_3YEAR>
<d:BC_5YEAR m:type="Edm.Double">1.84</d:BC_5YEAR>
<d:BC_7YEAR m:type="Edm.Double">1.92</d:BC_7YEAR>
<d:BC_10YEAR m:type="Edm.Double">1.92</d:BC_10YEAR>
<d:BC_20YEAR m:type="Edm.Double">2.30</d:BC_20YEAR>
<d:BC_30YEAR m:type="Edm.Double">2.24</d:BC_30YEAR>
<d:BC_30YEARDISPLAY m:type="Edm.Double">2.24</d:BC_30YEARDISPLAY>
</m:properties>
</content>
</entry>
<entry>
<id>https://home.treasury.gov/resource-center/data-chart-center/interest-rates/pages/xml-item?data=&amp;id=8039</id>
<title type="text"></title>
<updated>2022-03-12T00:04:02Z</updated>
<author><name /></author>
<link rel="edit" title="" href="/resource-center/data-chart-center/interest-rates/pages/xml-item?data=&amp;id=8039" />
<category term="TreasuryDataWarehouseModel." scheme="http://schemas.microsoft.com/ado/2007/08/dataservices/scheme" />
<content type="application/xml">
<m:properties>
<d:Id m:type="Edm.Int32">8039</d:Id>
<d:NEW_DATE m:type="Edm.DateTime">2022-02-14T00:00:00</d:NEW_DATE>
<d:BC_1MONTH m:type="Edm.Double">0.03</d:BC_1MONTH>
<d:BC_2MONTH m:type="Edm.Double">0.25</d:BC_2MONTH>
<d:BC_3MONTH m:type="Edm.Double">0.43</d:BC_3MONTH>
<d:BC_6MONTH m:type="Edm.Double">0.76</d:BC_6MONTH>
<d:BC_1YEAR m:type="Edm.Double">1.13</d:BC_1YEAR>
<d:BC_2YEAR m:type="Edm.Double">1.58</d:BC_2YEAR>
<d:BC_3YEAR m:type="Edm.Double">1.80</d:BC_3YEAR>
<d:BC_5YEAR m:type="Edm.Double">1.90</d:BC_5YEAR>
<d:BC_7YEAR m:type="Edm.Double">1.98</d:BC_7YEAR>
<d:BC_10YEAR m:type="Edm.Double">1.98</d:BC_10YEAR>
<d:BC_20YEAR m:type="Edm.Double">2.35</d:BC_20YEAR>
<d:BC_30YEAR m:type="Edm.Double">2.29</d:BC_30YEAR>
<d:BC_30YEARDISPLAY m:type="Edm.Double">2.29</d:BC_30YEARDISPLAY>
</m:properties>
</content>
</entry>
<entry>
<id>https://home.treasury.gov/resource-center/data-chart-center/interest-rates/pages/xml-item?data=&amp;id=8040</id>
<title type="text"></title>
<updated>2022-03-12T00:04:02Z</updated>
<author><name /></author>
<link rel="edit" title="" href="/resource-center/data-chart-center/interest-rates/pages/xml-item?data=&amp;id=8040" />
<category term="TreasuryDataWarehouseModel." scheme="http://schemas.microsoft.com/ado/2007/08/dataservices/scheme" />
<content type="application/xml">
<m:properties>
<d:Id m:type="Edm.Int32">8040</d:Id>
<d:NEW_DATE m:type="Edm.DateTime">2022-02-15T00:00:00</d:NEW_DATE>
<d:BC_1MONTH m:type="Edm.Double">0.02</d:BC_1MONTH>
<d:BC_2MONTH m:type="Edm.Double">0.19</d:BC_2MONTH>
<d:BC_3MONTH m:type="Edm.Double">0.40</d:BC_3MONTH>
<d:BC_6MONTH m:type="Edm.Double">0.72</d:BC_6MONTH>
<d:BC_1YEAR m:type="Edm.Double">1.11</d:BC_1YEAR>
<d:BC_2YEAR m:type="Edm.Double">1.58</d:BC_2YEAR>
<d:BC_3YEAR m:type="Edm.Double">1.80</d:BC_3YEAR>
<d:BC_5YEAR m:type="Edm.Double">1.94</d:BC_5YEAR>
<d:BC_7YEAR m:type="Edm.Double">2.03</d:BC_7YEAR>
<d:BC_10YEAR m:type="Edm.Double">2.05</d:BC_10YEAR>
<d:BC_20YEAR m:type="Edm.Double">2.42</d:BC_20YEAR>
<d:BC_30YEAR m:type="Edm.Double">2.37</d:BC_30YEAR>
<d:BC_30YEARDISPLAY m:type="Edm.Double">2.37</d:BC_30YEARDISPLAY>
</m:properties>
</content>
</entry>
<entry>
<id>https://home.treasury.gov/resource-center/data-chart-center/interest-rates/pages/xml-item?data=&amp;id=8041</id>
<title type="text"></title>
<updated>2022-03-12T00:04:02Z</updated>
<author><name /></author>
<link rel="edit" title="" href="/resource-center/data-chart-center/interest-rates/pages/xml-item?data=&amp;id=8041" />
<category term="TreasuryDataWarehouseModel." scheme="http://schemas.microsoft.com/ado/2007/08/dataservices/scheme" />
<content type="application/xml">
<m:properties>
<d:Id m:type="Edm.Int32">8041</d:Id>
<d:NEW_DATE m:type="Edm.DateTime">2022-02-16T00:00:00</d:NEW_DATE>
<d:BC_1MONTH m:type="Edm.Double">0.03</d:BC_1MONTH>
<d:BC_2MONTH m:type="Edm.Double">0.17</d:BC_2MONTH>
<d:BC_3MONTH m:type="Edm.Double">0.38</d:BC_3MONTH>
<d:BC_6MONTH m:type="Edm.Double">0.67</d:BC_6MONTH>
<d:BC_1YEAR m:type="Edm.Double">1.09</d:BC_1YEAR>
<d:BC_2YEAR m:type="Edm.Double">1.52</d:BC_2YEAR>
<d:BC_3YEAR m:type="Edm.Double">1.75</d:BC_3YEAR>
<d:BC_5YEAR m:type="Edm.Double">1.90</d:BC_5YEAR>
<d:BC_7YEAR m:type="Edm.Double">2.00</d:BC_7YEAR>
<d:BC_10YEAR m:type="Edm.Double">2.03</d:BC_10YEAR>
<d:BC_20YEAR m:type="Edm.Double">2.39</d:BC_20YEAR>
<d:BC_30YEAR m:type="Edm.Double">2.34</d:BC_30YEAR>
<d:BC_30YEARDISPLAY m:type="Edm.Double">2.34</d:BC_30YEARDISPLAY>
</m:properties>
</content>
</entry>
<entry>
<id>https://home.treasury.gov/resource-center/data-chart-center/interest-rates/pages/xml-item?data=&amp;id=8042</id>
<title type="text"></title>
<updated>2022-03-12T00:04:02Z</updated>
<author><name /></author>
<link rel="edit" title="" href="/resource-center/data-chart-center/interest-rates/pages/xml-item?data=&amp;id=8042" />
<category term="TreasuryDataWarehouseModel." scheme="http://schemas.microsoft.com/ado/2007/08/dataservices/scheme" />
<content type="application/xml">
<m:properties>
<d:Id m:type="Edm.Int32">8042</d:Id>
<d:NEW_DATE m:type="Edm.DateTime">2022-02-17T00:00:00</d:NEW_DATE>
<d:BC_1MONTH m:type="Edm.Double">0.06</d:BC_1MONTH>
<d:BC_2MONTH m:type="Edm.Double">0.23</d:BC_2MONTH>
<d:BC_3MONTH m:type="Edm.Double">0.36</d:BC_3MONTH>
<d:BC_6MONTH m:type="Edm.Double">0.65</d:BC_6MONTH>
<d:BC_1YEAR m:type="Edm.Double">1.05</d:BC_1YEAR>
<d:BC_2YEAR m:type="Edm.Double">1.49</d:BC_2YEAR>
<d:BC_3YEAR m:type="Edm.Double">1.70</d:BC_3YEAR>
<d:BC_5YEAR m:type="Edm.Double">1.85</d:BC_5YEAR>
<d:BC_7YEAR m:type="Edm.Double">1.94</d:BC_7YEAR>
<d:BC_10YEAR m:type="Edm.Double">1.97</d:BC_10YEAR>
<d:BC_20YEAR m:type="Edm.Double">2.35</d:BC_20YEAR>
<d:BC_30YEAR m:type="Edm.Double">2.31</d:BC_30YEAR>
<d:BC_30YEARDISPLAY m:type="Edm.Double">2.31</d:BC_30YEARDISPLAY>
</m:properties>
</content>
</entry>
<entry>
<id>https://home.treasury.gov/resource-center/data-chart-center/interest-rates/pages/xml-item?data=&amp;id=8043</id>
<title type="text"></title>
<updated>2022-03-12T00:04:02Z</updated>
<author><name /></author>
<link rel="edit" title="" href="/resource-center/data-chart-center/interest-rates/pages/xml-item?data=&amp;id=8043" />
<category term="TreasuryDataWarehouseModel." scheme="http://schemas.microsoft.com/ado/2007/08/dataservices/scheme" />
<content type="application/xml">
<m:properties>
<d:Id m:type="Edm.Int32">8043</d:Id>
<d:NEW_DATE m:type="Edm.DateTime">2022-02-18T00:00:00</d:NEW_DATE>
<d:BC_1MONTH m:type="Edm.Double">0.03</d:BC_1MONTH>
<d:BC_2MONTH m:type="Edm.Double">0.19</d:BC_2MONTH>
<d:BC_3MONTH m:type="Edm.Double">0.35</d:BC_3MONTH>
<d:BC_6MONTH m:type="Edm.Double">0.65</d:BC_6MONTH>
<d:BC_1YEAR m:type="Edm.Double">1.03</d:BC_1YEAR>
<d:BC_2YEAR m:type="Edm.Double">1.47</d:BC_2YEAR>
<d:BC_3YEAR m:type="Edm.Double">1.68</d:BC_3YEAR>
<d:BC_5YEAR m:type="Edm.Double">1.82</d:BC_5YEAR>
<d:BC_7YEAR m:type="Edm.Double">1.90</d:BC_7YEAR>
<d:BC_10YEAR m:type="Edm.Double">1.92</d:BC_10YEAR>
<d:BC_20YEAR m:type="Edm.Double">2.30</d:BC_20YEAR>
<d:BC_30YEAR m:type="Edm.Double">2.24</d:BC_30YEAR>
<d:BC_30YEARDISPLAY m:type="Edm.Double">2.24</d:BC_30YEARDISPLAY>
</m:properties>
</content>
</entry>
<entry>
<id>https://home.treasury.gov/resource-center/data-chart-center/interest-rates/pages/xml-item?data=&amp;id=8044</id>
<title type="text"></title>
<updated>2022-03-12T00:04:02Z</updated>
<author><name /></author>
<link rel="edit" title="" href="/resource-center/data-chart-center/interest-rates/pages/xml-item?data=&amp;id=8044" />
<category term="TreasuryDataWarehouseModel." scheme="http://schemas.microsoft.com/ado/2007/08/dataservices/scheme" />
<content type="application/xml">
<m:properties>
<d:Id m:type="Edm.Int32">8044</d:Id>
<d:NEW_DATE m:type="Edm.DateTime">2022-02-22T00:00:00</d:NEW_DATE>
<d:BC_1MONTH m:type="Edm.Double">0.03</d:BC_1MONTH>
<d:BC_2MONTH m:type="Edm.Double">0.20</d:BC_2MONTH>
<d:BC_3MONTH m:type="Edm.Double">0.37</d:BC_3MONTH>
<d:BC_6MONTH m:type="Edm.Double">0.73</d:BC_6MONTH>
<d:BC_1YEAR m:type="Edm.Double">1.17</d:BC_1YEAR>
<d:BC_2YEAR m:type="Edm.Double">1.56</d:BC_2YEAR>
<d:BC_3YEAR m:type="Edm.Double">1.74</d:BC_3YEAR>
<d:BC_5YEAR m:type="Edm.Double">1.85</d:BC_5YEAR>
<d:BC_7YEAR m:type="Edm.Double">1.93</d:BC_7YEAR>
<d:BC_10YEAR m:type="Edm.Double">1.94</d:BC_10YEAR>
<d:BC_20YEAR m:type="Edm.Double">2.31</d:BC_20YEAR>
<d:BC_30YEAR m:type="Edm.Double">2.24</d:BC_30YEAR>
<d:BC_30YEARDISPLAY m:type="Edm.Double">2.24</d:BC_30YEARDISPLAY>
</m:properties>
</content>
</entry>
<entry>
<id>https://home.treasury.gov/resource-center/data-chart-center/interest-rates/pages/xml-item?data=&amp;id=8045</id>
<title type="text"></title>
<updated>2022-03-12T00:04:02Z</updated>
<author><name /></author>
<link rel="edit" title="" href="/resource-center/data-chart-center/interest-rates/pages/xml-item?data=&amp;id=8045" />
<category term="TreasuryDataWarehouseModel." scheme="http://schemas.microsoft.com/ado/2007/08/dataservices/scheme" />
<content type="application/xml">
<m:properties>
<d:Id m:type="Edm.Int32">8045</d:Id>
<d:NEW_DATE m:type="Edm.DateTime">2022-02-23T00:00:00</d:NEW_DATE>
<d:BC_1MONTH m:type="Edm.Double">0.02</d:BC_1MONTH>
<d:BC_2MONTH m:type="Edm.Double">0.20</d:BC_2MONTH>
<d:BC_3MONTH m:type="Edm.Double">0.34</d:BC_3MONTH>
<d:BC_6MONTH m:type="Edm.Double">0.74</d:BC_6MONTH>
<d:BC_1YEAR m:type="Edm.Double">1.16</d:BC_1YEAR>
<d:BC_2YEAR m:type="Edm.Double">1.58</d:BC_2YEAR>
<d:BC_3YEAR m:type="Edm.Double">1.78</d:BC_3YEAR>
<d:BC_5YEAR m:type="Edm.Double">1.89</d:BC_5YEAR>
<d:BC_7YEAR m:type="Edm.Double">1.98</d:BC_7YEAR>
<d:BC_10YEAR m:type="Edm.Double">1.99</d:BC_10YEAR>
<d:BC_20YEAR m:type="Edm.Double">2.36</d:BC_20YEAR>
<d:BC_30YEAR m:type="Edm.Double">2.29</d:BC_30YEAR>
<d:BC_30YEARDISPLAY m:type="Edm.Double">2.29</d:BC_30YEARDISPLAY>
</m:properties>
</content>
</entry>
<entry>
<id>https://home.treasury.gov/resource-center/data-chart-center/interest-rates/pages/xml-item?data=&amp;id=8046</id>
<title type="text"></title>
<updated>2022-03-12T00:04:02Z</updated>
<author><name /></author>
<link rel="edit" title="" href="/resource-center/data-chart-center/interest-rates/pages/xml-item?data=&amp;id=8046" />
<category term="TreasuryDataWarehouseModel." scheme="http://schemas.microsoft.com/ado/2007/08/dataservices/scheme" />
<content type="application/xml">
<m:properties>
<d:Id m:type="Edm.Int32">8046</d:Id>
<d:NEW_DATE m:type="Edm.DateTime">2022-02-24T00:00:00</d:NEW_DATE>
<d:BC_1MONTH m:type="Edm.Double">0.05</d:BC_1MONTH>
<d:BC_2MONTH m:type="Edm.Double">0.18</d:BC_2MONTH>
<d:BC_3MONTH m:type="Edm.Double">0.32</d:BC_3MONTH>
<d:BC_6MONTH m:type="Edm.Double">0.65</d:BC_6MONTH>
<d:BC_1YEAR m:type="Edm.Double">1.08</d:BC_1YEAR>
<d:BC_2YEAR m:type="Edm.Double">1.54</d:BC_2YEAR>
<d:BC_3YEAR m:type="Edm.Double">1.73</d:BC_3YEAR>
<d:BC_5YEAR m:type="Edm.Double">1.84</d:BC_5YEAR>
<d:BC_7YEAR m:type="Edm.Double">1.94</d:BC_7YEAR>
<d:BC_10YEAR m:type="Edm.Double">1.96</d:BC_10YEAR>
<d:BC_20YEAR m:type="Edm.Double">2.36</d:BC_20YEAR>
<d:BC_30YEAR m:type="Edm.Double">2.28</d:BC_30YEAR>
<d:BC_30YEARDISPLAY m:type="Edm.Double">2.28</d:BC_30YEARDISPLAY>
</m:properties>
</content>
</entry>
<entry>
<id>https://home.treasury.gov/resource-center/data-chart-center/interest-rates/pages/xml-item?data=&amp;id=8047</id>
<title type="text"></title>
<updated>2022-03-12T00:04:02Z</updated>
<author><name /></author>
<link rel="edit" title="" href="/resource-center/data-chart-center/interest-rates/pages/xml-item?data=&amp;id=8047" />
<category term="TreasuryDataWarehouseModel." scheme="http://schemas.microsoft.com/ado/2007/08/dataservices/scheme" />
<content type="application/xml">
<m:properties>
<d:Id m:type="Edm.Int32">8047</d:Id>
<d:NEW_DATE m:type="Edm.DateTime">2022-02-25T00:00:00</d:NEW_DATE>
<d:BC_1MONTH m:type="Edm.Double">0.03</d:BC_1MONTH>
<d:BC_2MONTH m:type="Edm.Double">0.20</d:BC_2MONTH>
<d:BC_3MONTH m:type="Edm.Double">0.33</d:BC_3MONTH>
<d:BC_6MONTH m:type="Edm.Double">0.71</d:BC_6MONTH>
<d:BC_1YEAR m:type="Edm.Double">1.13</d:BC_1YEAR>
<d:BC_2YEAR m:type="Edm.Double">1.55</d:BC_2YEAR>
<d:BC_3YEAR m:type="Edm.Double">1.76</d:BC_3YEAR>
<d:BC_5YEAR m:type="Edm.Double">1.86</d:BC_5YEAR>
<d:BC_7YEAR m:type="Edm.Double">1.96</d:BC_7YEAR>
<d:BC_10YEAR m:type="Edm.Double">1.97</d:BC_10YEAR>
<d:BC_20YEAR m:type="Edm.Double">2.37</d:BC_20YEAR>
<d:BC_30YEAR m:type="Edm.Double">2.29</d:BC_30YEAR>
<d:BC_30YEARDISPLAY m:type="Edm.Double">2.29</d:BC_30YEARDISPLAY>
</m:properties>
</content>
</entry>
<entry>
<id>https://home.treasury.gov/resource-center/data-chart-center/interest-rates/pages/xml-item?data=&amp;id=8048</id>
<title type="text"></title>
<updated>2022-03-12T00:04:02Z</updated>
<author><name /></author>
<link rel="edit" title="" href="/resource-center/data-chart-center/interest-rates/pages/xml-item?data=&amp;id=8048" />
<category term="TreasuryDataWarehouseModel." scheme="http://schemas.microsoft.com/ado/2007/08/dataservices/scheme" />
<content type="application/xml">
<m:properties>
<d:Id m:type="Edm.Int32">8048</d:Id>
<d:NEW_DATE m:type="Edm.DateTime">2022-02-28T00:00:00</d:NEW_DATE>
<d:BC_1MONTH m:type="Edm.Double">0.06</d:BC_1MONTH>
<d:BC_2MONTH m:type="Edm.Double">0.20</d:BC_2MONTH>
<d:BC_3MONTH m:type="Edm.Double">0.35</d:BC_3MONTH>
<d:BC_6MONTH m:type="Edm.Double">0.69</d:BC_6MONTH>
<d:BC_1YEAR m:type="Edm.Double">1.01</d:BC_1YEAR>
<d:BC_2YEAR m:type="Edm.Double">1.44</d:BC_2YEAR>
<d:BC_3YEAR m:type="Edm.Double">1.62</d:BC_3YEAR>
<d:BC_5YEAR m:type="Edm.Double">1.71</d:BC_5YEAR>
<d:BC_7YEAR m:type="Edm.Double">1.81</d:BC_7YEAR>
<d:BC_10YEAR m:type="Edm.Double">1.83</d:BC_10YEAR>
<d:BC_20YEAR m:type="Edm.Double">2.25</d:BC_20YEAR>
<d:BC_30YEAR m:type="Edm.Double">2.17</d:BC_30YEAR>
<d:BC_30YEARDISPLAY m:type="Edm.Double">2.17</d:BC_30YEARDISPLAY>
</m:properties>
</content>
</entry>
<entry>
<id>https://home.treasury.gov/resource-center/data-chart-center/interest-rates/pages/xml-item?data=&amp;id=8049</id>
<title type="text"></title>
<updated>2022-03-12T00:04:02Z</updated>
<author><name /></author>
<link rel="edit" title="" href="/resource-center/data-chart-center/interest-rates/pages/xml-item?data=&amp;id=8049" />
<category term="TreasuryDataWarehouseModel." scheme="http://schemas.microsoft.com/ado/2007/08/dataservices/scheme" />
<content type="application/xml">
<m:properties>
<d:Id m:type="Edm.Int32">8049</d:Id>
<d:NEW_DATE m:type="Edm.DateTime">2022-03-01T00:00:00</d:NEW_DATE>
<d:BC_1MONTH m:type="Edm.Double">0.11</d:BC_1MONTH>
<d:BC_2MONTH m:type="Edm.Double">0.21</d:BC_2MONTH>
<d:BC_3MONTH m:type="Edm.Double">0.32</d:BC_3MONTH>
<d:BC_6MONTH m:type="Edm.Double">0.60</d:BC_6MONTH>
<d:BC_1YEAR m:type="Edm.Double">0.91</d:BC_1YEAR>
<d:BC_2YEAR m:type="Edm.Double">1.31</d:BC_2YEAR>
<d:BC_3YEAR m:type="Edm.Double">1.47</d:BC_3YEAR>
<d:BC_5YEAR m:type="Edm.Double">1.56</d:BC_5YEAR>
<d:BC_7YEAR m:type="Edm.Double">1.67</d:BC_7YEAR>
<d:BC_10YEAR m:type="Edm.Double">1.72</d:BC_10YEAR>
<d:BC_20YEAR m:type="Edm.Double">2.19</d:BC_20YEAR>
<d:BC_30YEAR m:type="Edm.Double">2.11</d:BC_30YEAR>
<d:BC_30YEARDISPLAY m:type="Edm.Double">2.11</d:BC_30YEARDISPLAY>
</m:properties>
</content>
</entry>
<entry>
<id>https://home.treasury.gov/resource-center/data-chart-center/interest-rates/pages/xml-item?data=&amp;id=8050</id>
<title type="text"></title>
<updated>2022-03-12T00:04:02Z</updated>
<author><name /></author>
<link rel="edit" title="" href="/resource-center/data-chart-center/interest-rates/pages/xml-item?data=&amp;id=8050" />
<category term="TreasuryDataWarehouseModel." scheme="http://schemas.microsoft.com/ado/2007/08/dataservices/scheme" />
<content type="application/xml">
<m:properties>
<d:Id m:type="Edm.Int32">8050</d:Id>
<d:NEW_DATE m:type="Edm.DateTime">2022-03-02T00:00:00</d:NEW_DATE>
<d:BC_1MONTH m:type="Edm.Double">0.13</d:BC_1MONTH>
<d:BC_2MONTH m:type="Edm.Double">0.24</d:BC_2MONTH>
<d:BC_3MONTH m:type="Edm.Double">0.34</d:BC_3MONTH>
<d:BC_6MONTH m:type="Edm.Double">0.68</d:BC_6MONTH>
<d:BC_1YEAR m:type="Edm.Double">1.06</d:BC_1YEAR>
<d:BC_2YEAR m:type="Edm.Double">1.50</d:BC_2YEAR>
<d:BC_3YEAR m:type="Edm.Double">1.67</d:BC_3YEAR>
<d:BC_5YEAR m:type="Edm.Double">1.74</d:BC_5YEAR>
<d:BC_7YEAR m:type="Edm.Double">1.83</d:BC_7YEAR>
<d:BC_10YEAR m:type="Edm.Double">1.86</d:BC_10YEAR>
<d:BC_20YEAR m:type="Edm.Double">2.32</d:BC_20YEAR>
<d:BC_30YEAR m:type="Edm.Double">2.24</d:BC_30YEAR>
<d:BC_30YEARDISPLAY m:type="Edm.Double">2.24</d:BC_30YEARDISPLAY>
</m:properties>
</content>
</entry>
<entry>
<id>https://home.treasury.gov/resource-center/data-chart-center/interest-rates/pages/xml-item?data=&amp;id=8051</id>
<title type="text"></title>
<updated>2022-03-12T00:04:02Z</updated>
<author><name /></author>
<link rel="edit" title="" href="/resource-center/data-chart-center/interest-rates/pages/xml-item?data=&amp;id=8051" />
<category term="TreasuryDataWarehouseModel." scheme="http://schemas.microsoft.com/ado/2007/08/dataservices/scheme" />
<content type="application/xml">
<m:properties>
<d:Id m:type="Edm.Int32">8051</d:Id>
<d:NEW_DATE m:type="Edm.DateTime">2022-03-03T00:00:00</d:NEW_DATE>
<d:BC_1MONTH m:type="Edm.Double">0.19</d:BC_1MONTH>
<d:BC_2MONTH m:type="Edm.Double">0.25</d:BC_2MONTH>
<d:BC_3MONTH m:type="Edm.Double">0.38</d:BC_3MONTH>
<d:BC_6MONTH m:type="Edm.Double">0.69</d:BC_6MONTH>
<d:BC_1YEAR m:type="Edm.Double">1.08</d:BC_1YEAR>
<d:BC_2YEAR m:type="Edm.Double">1.53</d:BC_2YEAR>
<d:BC_3YEAR m:type="Edm.Double">1.69</d:BC_3YEAR>
<d:BC_5YEAR m:type="Edm.Double">1.74</d:BC_5YEAR>
<d:BC_7YEAR m:type="Edm.Double">1.82</d:BC_7YEAR>
<d:BC_10YEAR m:type="Edm.Double">1.86</d:BC_10YEAR>
<d:BC_20YEAR m:type="Edm.Double">2.32</d:BC_20YEAR>
<d:BC_30YEAR m:type="Edm.Double">2.24</d:BC_30YEAR>
<d:BC_30YEARDISPLAY m:type="Edm.Double">2.24</d:BC_30YEARDISPLAY>
</m:properties>
</content>
</entry>
<entry>
<id>https://home.treasury.gov/resource-center/data-chart-center/interest-rates/pages/xml-item?data=&amp;id=8052</id>
<title type="text"></title>
<updated>2022-03-12T00:04:02Z</updated>
<author><name /></author>
<link rel="edit" title="" href="/resource-center/data-chart-center/interest-rates/pages/xml-item?data=&amp;id=8052" />
<category term="TreasuryDataWarehouseModel." scheme="http://schemas.microsoft.com/ado/2007/08/dataservices/scheme" />
<content type="application/xml">
<m:properties>
<d:Id m:type="Edm.Int32">8052</d:Id>
<d:NEW_DATE m:type="Edm.DateTime">2022-03-04T00:00:00</d:NEW_DATE>
<d:BC_1MONTH m:type="Edm.Double">0.15</d:BC_1MONTH>
<d:BC_2MONTH m:type="Edm.Double">0.21</d:BC_2MONTH>
<d:BC_3MONTH m:type="Edm.Double">0.34</d:BC_3MONTH>
<d:BC_6MONTH m:type="Edm.Double">0.69</d:BC_6MONTH>
<d:BC_1YEAR m:type="Edm.Double">1.05</d:BC_1YEAR>
<d:BC_2YEAR m:type="Edm.Double">1.50</d:BC_2YEAR>
<d:BC_3YEAR m:type="Edm.Double">1.62</d:BC_3YEAR>
<d:BC_5YEAR m:type="Edm.Double">1.65</d:BC_5YEAR>
<d:BC_7YEAR m:type="Edm.Double">1.70</d:BC_7YEAR>
<d:BC_10YEAR m:type="Edm.Double">1.74</d:BC_10YEAR>
<d:BC_20YEAR m:type="Edm.Double">2.23</d:BC_20YEAR>
<d:BC_30YEAR m:type="Edm.Double">2.16</d:BC_30YEAR>
<d:BC_30YEARDISPLAY m:type="Edm.Double">2.16</d:BC_30YEARDISPLAY>
</m:properties>
</content>
</entry>
<entry>
<id>https://home.treasury.gov/resource-center/data-chart-center/interest-rates/pages/xml-item?data=&amp;id=8053</id>
<title type="text"></title>
<updated>2022-03-12T00:04:02Z</updated>
<author><name /></author>
<link rel="edit" title="" href="/resource-center/data-chart-center/interest-rates/pages/xml-item?data=&amp;id=8053" />
<category term="TreasuryDataWarehouseModel." scheme="http://schemas.microsoft.com/ado/2007/08/dataservices/scheme" />
<content type="application/xml">
<m:properties>
<d:Id m:type="Edm.Int32">8053</d:Id>
<d:NEW_DATE m:type="Edm.DateTime">2022-03-07T00:00:00</d:NEW_DATE>
<d:BC_1MONTH m:type="Edm.Double">0.17</d:BC_1MONTH>
<d:BC_2MONTH m:type="Edm.Double">0.23</d:BC_2MONTH>
<d:BC_3MONTH m:type="Edm.Double">0.38</d:BC_3MONTH>
<d:BC_6MONTH m:type="Edm.Double">0.75</d:BC_6MONTH>
<d:BC_1YEAR m:type="Edm.Double">1.07</d:BC_1YEAR>
<d:BC_2YEAR m:type="Edm.Double">1.55</d:BC_2YEAR>
<d:BC_3YEAR m:type="Edm.Double">1.68</d:BC_3YEAR>
<d:BC_5YEAR m:type="Edm.Double">1.71</d:BC_5YEAR>
<d:BC_7YEAR m:type="Edm.Double">1.77</d:BC_7YEAR>
<d:BC_10YEAR m:type="Edm.Double">1.78</d:BC_10YEAR>
<d:BC_20YEAR m:type="Edm.Double">2.29</d:BC_20YEAR>
<d:BC_30YEAR m:type="Edm.Double">2.19</d:BC_30YEAR>
<d:BC_30YEARDISPLAY m:type="Edm.Double">2.19</d:BC_30YEARDISPLAY>
</m:properties>
</content>
</entry>
<entry>
<id>https://home.treasury.gov/resource-center/data-chart-center/interest-rates/pages/xml-item?data=&amp;id=8054</id>
<title type="text"></title>
<updated>2022-03-12T00:04:02Z</updated>
<author><name /></author>
<link rel="edit" title="" href="/resource-center/data-chart-center/interest-rates/pages/xml-item?data=&amp;id=8054" />
<category term="TreasuryDataWarehouseModel." scheme="http://schemas.microsoft.com/ado/2007/08/dataservices/scheme" />
<content type="application/xml">
<m:properties>
<d:Id m:type="Edm.Int32">8054</d:Id>
<d:NEW_DATE m:type="Edm.DateTime">2022-03-08T00:00:00</d:NEW_DATE>
<d:BC_1MONTH m:type="Edm.Double">0.16</d:BC_1MONTH>
<d:BC_2MONTH m:type="Edm.Double">0.24</d:BC_2MONTH>
<d:BC_3MONTH m:type="Edm.Double">0.36</d:BC_3MONTH>
<d:BC_6MONTH m:type="Edm.Double">0.72</d:BC_6MONTH>
<d:BC_1YEAR m:type="Edm.Double">1.12</d:BC_1YEAR>
<d:BC_2YEAR m:type="Edm.Double">1.63</d:BC_2YEAR>
<d:BC_3YEAR m:type="Edm.Double">1.78</d:BC_3YEAR>
<d:BC_5YEAR m:type="Edm.Double">1.80</d:BC_5YEAR>
<d:BC_7YEAR m:type="Edm.Double">1.85</d:BC_7YEAR>
<d:BC_10YEAR m:type="Edm.Double">1.86</d:BC_10YEAR>
<d:BC_20YEAR m:type="Edm.Double">2.34</d:BC_20YEAR>
<d:BC_30YEAR m:type="Edm.Double">2.24</d:BC_30YEAR>
<d:BC_30YEARDISPLAY m:type="Edm.Double">2.24</d:BC_30YEARDISPLAY>
</m:properties>
</content>
</entry>
<entry>
<id>https://home.treasury.gov/resource-center/data-chart-center/interest-rates/pages/xml-item?data=&amp;id=8055</id>
<title type="text"></title>
<updated>2022-03-12T00:04:02Z</updated>
<author><name /></author>
<link rel="edit" title="" href="/resource-center/data-chart-center/interest-rates/pages/xml-item?data=&amp;id=8055" />
<category term="TreasuryDataWarehouseModel." scheme="http://schemas.microsoft.com/ado/2007/08/dataservices/scheme" />
<content type="application/xml">
<m:properties>
<d:Id m:type="Edm.Int32">8055</d:Id>
<d:NEW_DATE m:type="Edm.DateTime">2022-03-09T00:00:00</d:NEW_DATE>
<d:BC_1MONTH m:type="Edm.Double">0.18</d:BC_1MONTH>
<d:BC_2MONTH m:type="Edm.Double">0.26</d:BC_2MONTH>
<d:BC_3MONTH m:type="Edm.Double">0.38</d:BC_3MONTH>
<d:BC_6MONTH m:type="Edm.Double">0.75</d:BC_6MONTH>
<d:BC_1YEAR m:type="Edm.Double">1.15</d:BC_1YEAR>
<d:BC_2YEAR m:type="Edm.Double">1.68</d:BC_2YEAR>
<d:BC_3YEAR m:type="Edm.Double">1.83</d:BC_3YEAR>
<d:BC_5YEAR m:type="Edm.Double">1.87</d:BC_5YEAR>
<d:BC_7YEAR m:type="Edm.Double">1.92</d:BC_7YEAR>
<d:BC_10YEAR m:type="Edm.Double">1.94</d:BC_10YEAR>
<d:BC_20YEAR m:type="Edm.Double">2.38</d:BC_20YEAR>
<d:BC_30YEAR m:type="Edm.Double">2.29</d:BC_30YEAR>
<d:BC_30YEARDISPLAY m:type="Edm.Double">2.29</d:BC_30YEARDISPLAY>
</m:properties>
</content>
</entry>
<entry>
<id>https://home.treasury.gov/resource-center/data-chart-center/interest-rates/pages/xml-item?data=&amp;id=8056</id>
<title type="text"></title>
<updated>2022-03-12T00:04:02Z</updated>
<author><name /></author>
<link rel="edit" title="" href="/resource-center/data-chart-center/interest-rates/pages/xml-item?data=&amp;id=8056" />
<category term="TreasuryDataWarehouseModel." scheme="http://schemas.microsoft.com/ado/2007/08/dataservices/scheme" />
<content type="application/xml">
<m:properties>
<d:Id m:type="Edm.Int32">8056</d:Id>
<d:NEW_DATE m:type="Edm.DateTime">2022-03-10T00:00:00</d:NEW_DATE>
<d:BC_1MONTH m:type="Edm.Double">0.19</d:BC_1MONTH>
<d:BC_2MONTH m:type="Edm.Double">0.28</d:BC_2MONTH>
<d:BC_3MONTH m:type="Edm.Double">0.39</d:BC_3MONTH>
<d:BC_6MONTH m:type="Edm.Double">0.75</d:BC_6MONTH>
<d:BC_1YEAR m:type="Edm.Double">1.19</d:BC_1YEAR>
<d:BC_2YEAR m:type="Edm.Double">1.72</d:BC_2YEAR>
<d:BC_3YEAR m:type="Edm.Double">1.88</d:BC_3YEAR>
<d:BC_5YEAR m:type="Edm.Double">1.92</d:BC_5YEAR>
<d:BC_7YEAR m:type="Edm.Double">1.98</d:BC_7YEAR>
<d:BC_10YEAR m:type="Edm.Double">1.98</d:BC_10YEAR>
<d:BC_20YEAR m:type="Edm.Double">2.45</d:BC_20YEAR>
<d:BC_30YEAR m:type="Edm.Double">2.38</d:BC_30YEAR>
<d:BC_30YEARDISPLAY m:type="Edm.Double">2.38</d:BC_30YEARDISPLAY>
</m:properties>
</content>
</entry>
<entry>
<id>https://home.treasury.gov/resource-center/data-chart-center/interest-rates/pages/xml-item?data=&amp;id=8057</id>
<title type="text"></title>
<updated>2022-03-12T00:04:02Z</updated>
<author><name /></author>
<link rel="edit" title="" href="/resource-center/data-chart-center/interest-rates/pages/xml-item?data=&amp;id=8057" />
<category term="TreasuryDataWarehouseModel." scheme="http://schemas.microsoft.com/ado/2007/08/dataservices/scheme" />
<content type="application/xml">
<m:properties>
<d:Id m:type="Edm.Int32">8057</d:Id>
<d:NEW_DATE m:type="Edm.DateTime">2022-03-11T00:00:00</d:NEW_DATE>
<d:BC_1MONTH m:type="Edm.Double">0.17</d:BC_1MONTH>
<d:BC_2MONTH m:type="Edm.Double">0.28</d:BC_2MONTH>
<d:BC_3MONTH m:type="Edm.Double">0.40</d:BC_3MONTH>
<d:BC_6MONTH m:type="Edm.Double">0.78</d:BC_6MONTH>
<d:BC_1YEAR m:type="Edm.Double">1.22</d:BC_1YEAR>
<d:BC_2YEAR m:type="Edm.Double">1.75</d:BC_2YEAR>
<d:BC_3YEAR m:type="Edm.Double">1.91</d:BC_3YEAR>
<d:BC_5YEAR m:type="Edm.Double">1.96</d:BC_5YEAR>
<d:BC_7YEAR m:type="Edm.Double">2.01</d:BC_7YEAR>
<d:BC_10YEAR m:type="Edm.Double">2.00</d:BC_10YEAR>
<d:BC_20YEAR m:type="Edm.Double">2.45</d:BC_20YEAR>
<d:BC_30YEAR m:type="Edm.Double">2.36</d:BC_30YEAR>
<d:BC_30YEARDISPLAY m:type="Edm.Double">2.36</d:BC_30YEARDISPLAY>
</m:properties>
</content>
</entry>
</feed>